Year,All items,"All items, less fresh food","All items, less imputed rent","All items, less imputed rent & fresh food","All items, less fresh food and energy","All items, less food (less alcoholic beverages) and energy",Food,Fresh food,"Food, less fresh food",Cereals,Fish & seafood,Fresh fish & seafood (reentry),Meats,Dairy products & eggs,Vegetables & seaweeds,Fresh vegetables (reentry),Fruits,Fresh fruits (reentry),"Oils, fats & seasonings",Cakes & candies,Cooked food,Beverages,Alcoholic beverages,Meals outside the home,Housing,"Housing, less imputed rent",Rent,"Rent, less imputed rent",Repairs & maintenance,"Fuel, light & water charges",Electricity,Gas,Other fuel & light,Water & sewerage charges,Furniture & household utensils,Household durable goods,Interior furnishings,Bedding,Domestic utensils,Domestic non-durable goods,Domestic services,Clothes & footwear,Clothes,Japanese clothing,Clothing,"Shirts, sweaters & underwear",Shirts & sweaters,Underwear,Footwear,Other clothing,Services related to clothing,Medical care,Medicines & health fortification,Medical supplies & appliances,Medical services,Transportation & communication,Public transportation,Private transportation,Communication,Education,School fees,School textbooks & reference books for study,Tutorial fees,Culture & recreation,Recreational durable goods,Recreational goods,Books & other reading materials,Recreational services,Miscellaneous,Personal care services,Toilet articles,Personal effects,Tobacco,Other miscellaneous,Energy,Expenses for education,Expenses for culture & recreation,Expenses for information & communication
1970,31.4,31.7,31.7,32.1,31.5,32.1,29.1,25.1,30.2,33.8,21.2,23,34.5,45.7,24.1,25.9,27.9,27.2,47.9,26.9,24.6,53.4,44.1,23.3,26.9,24.4,29.2,31.4,18.9,30.6,54.9,26.2,18.3,,73.3,211.5,73.4,59.2,28.9,67,18.3,28.3,26.4,22.9,27.9,31.1,29.8,31.1,27.2,38.4,24.2,37.9,49,52.4,27.1,40,19.8,46.5,87.1,15.2,14.2,26.6,,39,2008.3,36.8,18.5,24.5,28.4,15.5,68.2,23.9,20.2,11.7,35.8,,,
1971,33.3,33.8,33.5,34.1,33.6,34.2,30.7,25.4,32,34.4,24.1,26.7,36.1,49.2,23.6,23.1,27.5,26.8,50.4,29.1,26.1,54.6,45.6,25.6,29.3,26.5,31.9,33.9,20.7,31.6,54.8,27,20.4,,76.2,213.4,78.1,62.4,30.9,70.5,19.9,30.8,29.1,26.5,30.3,33.4,32,33.4,29.1,41.1,26.7,38.9,50.5,54.6,27.7,41.5,20.4,48.5,90.5,16.5,15.2,30,,41.9,1964.4,38.3,21.6,26.9,29.6,17.5,69.5,24.9,20.2,11.8,37.3,,,
1972,35.2,35.7,35.2,35.9,35.6,36.3,32.2,26.1,33.9,36.5,25.3,27.9,38.5,51.6,25.7,24.9,26.2,25.4,51.8,30.7,28.4,55.3,45.6,27.7,32.3,28.6,35.2,36.8,22.4,32.2,54.7,28.4,20.6,,77.5,213.8,80.5,63.8,32.2,71.2,21.8,33,31.4,29.8,32.2,35.1,33.7,35.1,31.5,42.9,28.9,42.2,52.2,60.7,30.6,43.2,21.8,49.2,93.7,17.9,16.7,30.3,,43.8,1968.8,41.7,22.4,28.2,30.9,20,69.1,26,20.2,12,37.9,,,
1973,40.7,41.1,40.9,41.5,41,41.3,38.2,32.3,39.7,40.5,30.3,32.7,47.3,59.7,34.3,34.9,29.1,28.4,61.6,35.6,35.8,59.1,49.1,32.8,36.3,33.9,38.3,39.9,29,35,54.7,32.7,24.4,,92.6,250.6,91.1,78.9,39,88.5,23.9,42.1,40.7,39.4,41.3,44.2,43.1,43.4,39.3,50,34.5,41.1,54,66.5,28.8,46.9,23.4,56.2,95.3,20,18.7,34.3,,49.7,2093.8,49,26.3,31.7,33.9,24.7,67.6,30.7,20.2,13.9,42.4,,,
1974,49.1,49.6,49.8,50.6,49.3,48.6,47.3,39.5,49.5,50.8,38.6,41.9,54.8,76.5,39.8,39.6,36,35.2,80.2,49.3,47.9,71,57.2,40.4,41.1,40.5,41.4,42.9,38.3,44.6,64.9,42.7,36.1,,119,335.9,112.7,92.6,52.1,109.6,29.5,49.1,46.9,44.1,48.2,52.6,49.6,53.3,49.4,59.2,42.6,46.6,57.5,91.2,32.7,56.2,27.9,72.5,96.8,24,22.2,42.8,,60.4,2418.2,60.9,36.5,36.3,39.9,33.9,75.1,37.7,20.2,14.9,56.9,,,
1975,54.2,54.7,55,55.6,54.4,53.3,52.8,44,55.1,59.6,42.7,47.1,63.4,79.1,43.4,44,40.9,40.2,87.5,54.3,52.3,79.3,61.8,45.7,45.1,44,45.9,47.1,41.2,48.7,65.3,48.3,40.7,,120,337,114.8,92.3,53.7,106.3,34.2,51.9,50.8,48.1,52.1,53.4,51.8,52.7,51.5,62.1,46.6,50.9,65.7,98.1,35.3,61.6,32.8,76.6,99.3,29.8,28.3,49.3,,67.3,2451.1,64.3,39.5,43.7,45.2,40.3,79.6,41.3,22.7,15.1,61.1,34,,
1976,59.4,59.7,60.1,60.7,59.3,58.8,57.2,50.2,59,66.6,48,55.1,67.2,83.4,46.8,48.2,47.1,46.3,87.5,56.6,55.1,84.6,65.8,50.3,49.7,48.3,50.6,52.1,45,54.8,73.3,52.3,44.6,,123.4,338.9,121.2,96.5,55,109.8,40.4,56.5,56.3,54.1,57.5,57.6,57.3,55.1,55,66,50.2,55.7,68.9,100.8,39.7,69.5,39.1,80.6,120.4,35.3,35.4,49.8,29.6,71.2,2438,69.2,41,47.2,53,46.5,83.8,43,30.1,34.5,66.9,39.3,,
1977,63.5,64,64.2,64.9,63.7,63.4,60.5,52.3,62.5,71.7,57.2,64.2,67.3,83.4,46.2,45.2,47.4,46.5,88.3,58.7,57.8,92.8,67.4,53.5,54.2,52.3,55.4,57.2,47.9,58,78,56.1,45,,127.8,345.2,124.7,102.3,58,112.4,44.5,59.2,58.6,58,59.5,60.3,60.1,57.7,58.8,69.7,53.4,58.6,73.6,107.7,41.3,79.6,44.7,81.5,170.2,39.9,41.2,50.4,33.7,75.8,2442.4,71.8,41.9,52.4,55.8,51.1,91.2,45.1,30.1,37.9,69.8,43.6,,
1978,65.9,66.4,66.4,67.1,66.5,66.6,62.4,54.3,64.4,74.4,59.7,64,66.7,82,48.6,47.8,51.1,50.3,88.5,59.6,59.3,93.9,71.6,55.5,58.3,55.5,60,61.7,50,57,75.1,55.3,42.6,,129.7,349.4,125.1,103.5,59.8,111.5,47.8,61.4,61.2,62.2,61.5,62,62.3,58.6,60.6,72,54.8,63.4,75.4,109.3,46.1,80,48,77.9,170.2,44.7,47.1,52.4,36.4,78.7,2470.9,74.3,44.9,54.2,57.3,54.2,92.6,46.5,30.1,38.5,65.6,47.5,,
1979,69.1,69.3,69.5,70,68.9,69.5,64.6,59.7,65.4,75.9,62.5,68.5,66.5,84.9,57,60.4,49.8,48.9,88.5,60.1,60.1,93.6,72.2,57.4,61.5,59,62.8,64.3,54.1,63.1,78.2,59.6,62.3,,132.9,355.4,127.7,106.4,62.2,114.6,50.1,64.4,64.8,67.7,64.6,64.1,65.3,59.7,63.8,73.9,57,64.6,78.2,110.1,46.8,86.7,52.6,88.3,170.5,48.4,51.7,53,39.6,81.6,2464.3,77,46.4,56.9,59.5,57.6,93.3,51.7,30.1,38.6,76.9,50.9,,
1980,74.4,74.7,75,75.7,73.3,74.2,68.2,62.3,69.4,80.4,63.6,70.1,68.9,91.4,60,62.5,53.5,52.6,95.6,64.2,63.5,96.7,79.6,61.3,65.1,63.6,65.7,67.4,60.4,84.6,111.2,80.8,84.8,,143.5,373,136.5,112.9,68.7,131,54.1,67.9,67.7,71.4,67.4,67.2,68.7,62.3,69.1,77.2,61.7,65.7,80.8,113.2,47.2,90.1,55.8,92.7,170,52.9,57,55,43.9,88.1,2448.9,82.7,53.3,61.2,67,62.6,94.2,62.1,36,39.1,100.3,55.1,84.3,
1981,77.3,77.7,78.1,78.7,76.3,77.3,71.3,65.5,72.4,84.2,66.6,73.6,71.1,90.9,61.4,63.2,58.8,58,98.4,67.6,66.1,101.2,85.5,64.1,67.8,65.6,68.8,70.4,61.2,87.4,111.9,81.9,91.8,,147.9,383.6,139.5,116.2,71.7,133,57.5,70.4,70.5,74.7,70,69.3,70.9,64.4,71.4,79.7,63.5,67.8,85.5,118.6,48.2,94.7,61,96.9,169.4,56.7,60.9,60.9,47.1,91.2,2391.9,85.4,55.2,64.1,68.9,65.6,97.3,63.1,36.6,40.2,103.8,58.7,88.1,
1982,79.3,79.8,79.9,80.7,78.4,79.5,72.4,64.9,74,87.1,70.6,79.1,72.3,87.1,60.5,60.7,53.7,52.8,97.9,69.4,68.6,103,86,66.1,70.1,67.7,71.4,73.2,62.5,89.8,112.2,82.1,99.1,,148.7,380.6,138.1,118.1,73,133.1,60.1,72.5,73,77.3,72.5,71.4,73.3,65.6,72.3,81.3,64.7,69.4,88.2,122.4,49.1,98.4,65.2,100.3,167.9,60,64.8,60.9,49.4,93.2,2319.6,87.6,56.3,66.3,70,67.7,99.7,63.3,36.6,42.5,106.8,61.6,90.9,
1983,80.8,81.2,81.4,82.1,80.2,81.3,74.3,68.1,75.6,89.7,69.4,77,73.2,87.3,67.7,70.3,55.5,54.6,99.3,70.1,70,103.7,89.8,67.8,72.3,69.7,73.8,76.1,63.5,88.8,112.2,82.5,89.3,,149.8,379.1,138.6,119.5,74,133.9,62.1,74.1,75,81.1,74.1,72.8,74.9,66.9,73.5,82.7,65.5,70.5,92.1,127.3,49,96.5,66.3,95.5,165.7,62.7,68.2,61.2,51,95.3,2277.9,89.7,56.9,68.7,73.3,69,101.9,64.1,40.6,53.2,102.1,64,92.8,
1984,82.6,83.1,83.2,84,82.1,83.7,75.9,69,77.4,92.5,70.6,78.8,73.3,86.8,65.1,63.9,63.8,63.1,101.7,70.8,71.1,104.3,98.2,69.8,73.8,71.4,75.4,78.5,64.6,89.2,112.2,82.6,84.6,,151,377.9,139.2,120.4,76.1,134.2,64.6,76.2,78.1,84.4,77.2,74.4,76.8,67.9,74.7,83.9,66.2,73.6,98.1,131.1,51,98.3,70.8,95.3,162,65.4,71.2,61.8,53.4,97.2,2220.9,90.4,57.3,71.3,74.5,70.5,103.6,64.5,40.9,58.9,100.7,66.2,95.7,
1985,84.2,84.6,84.8,85.4,83.9,85.8,77.3,71.3,78.4,94.4,71.9,80,72.6,89.6,68.3,68.8,64,63,103.3,71.1,71.5,106.3,98.8,71.2,75.7,73.3,77.5,81,65.9,88.7,112.2,82.7,77.4,60.6,151.7,374.5,139.9,120.9,77.5,134.3,66.7,78.5,81.5,85.7,81,76,78.6,69,75.9,85.6,66.9,77.1,99.2,133.2,54.6,100.3,73.3,96.8,161,68.4,74.1,62.1,57,99,2174.9,92.6,58.3,73.1,75.2,71.5,105.6,64.8,40.9,61,98.8,68.7,97.8,
1986,84.2,84.9,84.6,85.6,85.1,87.3,76.6,66.8,78.8,95,72.5,80.3,71.7,87.2,62.7,59.9,59.9,58.8,101.9,71.8,72.2,106.5,98.8,72.2,77.6,74.8,79.5,82.9,66.8,81.8,103.4,76.9,59.6,62,151.7,369.3,141.1,121.9,77.8,133.9,68.5,80.1,83.3,86.9,83,77.6,81,69.4,76.6,86.8,67.7,78.8,100.9,134.1,56.2,98.8,75.1,92.7,160,70.7,77.1,62.2,57.9,100.4,2067.5,92.9,61,74.8,77.2,72.3,106.3,63.6,45.1,62.8,87.9,70.6,99.4,
1987,84.6,85.2,84.8,85.8,85.8,88.5,76.5,68.1,78.3,94.6,71.1,77.6,70.3,79.9,67.4,67.6,57,55.9,99.8,71.8,72.8,104,98.7,72.8,79.8,76.6,82,85.7,67.7,77.8,98.5,73.2,48.8,62.8,150.5,361.4,142.5,119.7,78,133,69.8,80.8,84.1,87.7,83.6,78.7,82.5,69.7,77.3,87.5,68.2,79.8,102.7,134.6,56.9,100.1,76.3,94.3,159.4,73.1,79.9,63.4,59.6,100.9,1898.6,93.6,61.6,76.1,77.6,72.9,106.4,63.7,45.5,64.1,84.3,72.6,100.1,
1988,85.3,85.7,85.3,86,86.5,89.5,77.1,70.7,78.4,93.7,71,75.6,69.9,79.9,71.7,74,59.9,58.9,99,71.6,72.8,102.4,98.7,73.4,81.4,78.3,83.7,87.8,68.9,76.1,96.7,71.5,42.4,64,149.9,355.4,144.1,119.2,78.6,131.4,71.3,82.2,85.9,88.8,85.7,79.8,83.8,70.6,78,88.1,68.9,80.1,103.2,135.6,57,99.3,76.9,93.1,156.7,75.5,82.9,63.4,61.3,101.6,1747.4,94.9,62.6,77.5,77.9,73.7,106.3,63.8,45.5,65.5,81.1,74.5,100.9,
1989,87.7,88.2,87.8,88.6,89.2,92,79.5,72.9,80.9,96,72.6,77,71.3,85.3,73.1,74.4,65.3,64.4,100.8,73.5,75.6,104.8,97.4,76.7,84,81.2,86.2,90.5,72,76.2,93.7,72.6,44.7,65.6,151.1,348.3,146.9,121.4,81.4,131.4,74.3,86.3,90.9,93.8,90.7,84,88.5,73.5,80.6,91.7,71,81.5,105.8,139.3,57.7,100.9,79.1,93.6,159.6,78.7,86.3,65.4,64.1,105.6,1633.4,97.6,67.8,81.2,79.3,76.7,107.5,65,45.5,65.6,81.9,77.3,104.5,
1990,90.4,90.6,90.5,90.9,91.4,94.3,82.9,81.2,83.1,97.6,75.6,81.2,73.5,90.1,82.4,87.4,72.9,72.1,105.4,75.8,77.6,105.4,100.5,78.3,86.6,83.9,88.6,92.9,75,78.6,93.6,75.1,57.3,66.4,151,341,148,120.9,83.2,131.4,76.9,90.2,95.6,96.7,95.7,87.7,93.6,75,83.9,94,72.8,81.9,106.5,134.6,58.7,102.4,79.8,96.3,157,82.8,90.9,67,67.7,108.9,1625.7,99.3,69.1,85.2,80.2,78,107,67,45.5,65.6,85.6,80.9,107.4,
1991,92.9,92.9,93.1,93.3,94,96.8,86,86.1,85.8,100,78.2,82,75.2,91.1,88.4,93.3,81.9,80.7,110.1,78,81.1,107.6,102.1,80.4,89.3,86.8,91.1,95.1,78.9,79.4,93.6,77,58.1,67,152.6,336.9,150.1,121.3,87,133.6,78.1,94.4,100.5,99.9,100.9,91.7,97.9,78.2,87.7,97.5,75.6,82.3,108.4,134.4,58.9,102.6,80.8,96.8,153.8,86.6,94.8,71.4,71.1,112.1,1620.8,102.8,72,87.4,81.7,80.7,108,69.2,45.6,65.6,85.7,84.5,109.9,
1992,94.5,94.9,94.5,95.3,96.1,99.2,86.3,79.8,87.5,102.7,79.1,80.8,75.8,87.9,82.1,80.9,77.5,76,110.7,79.4,83.1,112.9,102,82.3,92,90.2,93.6,97.9,82.9,79.7,93.6,77.3,57.5,68.4,154.3,336.9,154.9,121.6,89.1,132.7,80.7,96.4,102.2,102.2,102.6,94.1,100,81.2,89.1,100.3,78.1,84.6,108.6,135.2,62,103.2,82.5,97.3,150.4,90.4,99.1,71.4,74.2,115.4,1602.8,104.5,77.7,90.2,83,84,108.1,70.1,45.7,69,85.5,88,112.8,
1993,95.6,96,95.5,96.2,97.3,100.4,87.6,82.7,88.4,106.2,78.3,79.7,74.9,87.2,91.4,94.8,71.2,69.6,110.1,80.1,84.1,113.6,101.9,83.7,94.3,92.8,95.8,100.2,85.8,80.1,92.9,77.3,57.2,71.1,152.8,329.3,154.3,119.6,89.9,129.9,82.4,96.1,101.2,103.7,101,94,99.2,82.6,89.5,101,79.8,84.8,108.7,134.4,62.8,103.2,83.2,97.9,146.1,94.1,103.4,75.1,76.8,116.9,1539.1,106,79.3,92.1,84.1,86.1,109.5,70,45.8,79,85.1,91,114.2,
1994,96,96.5,95.7,96.5,98,101.1,87.7,81.1,88.9,108.1,76.7,78.2,74.1,87.2,87.2,86.9,77,76,108.8,80.1,84.5,114.2,104.8,84.6,96.4,94.9,97.8,102.3,87.9,80.1,92.1,76.8,55.1,74.1,149.6,316.6,153.5,115.8,90.2,125.2,83.6,94.9,98.8,103.5,98.4,93.5,98,83.5,88.5,101.3,80.7,85.1,108.6,131.9,64,102.8,83.7,97.1,144.5,97,107.2,75.5,77.8,118.1,1436,105.9,83.1,93.7,84.6,87.8,110,69.5,45.9,81.1,83.7,93.3,114.8,
1995,95.8,96.5,95.4,96.1,98.2,101.7,86.4,78.9,87.9,101.5,76.2,77.8,74.2,87.7,84.5,83,74.6,73.6,106.7,80.1,84.2,115.6,104.7,84,98.2,96.9,99.5,104,90.4,79.8,91.1,77,53,75.5,146.9,305.6,152,112.6,90.4,121,84.8,94.8,98.5,104,97.8,94,98.1,84.6,88.5,101.3,81,85.4,110.1,128.7,64.3,102.9,86.1,94.7,149.4,99.8,110.4,75.6,80.3,116.7,1284.8,104.2,83.8,93.6,84.8,89.4,109.7,69,45.9,83,81.6,95.6,113.9,
1996,96.2,96.8,95.5,96.2,98.5,102.2,86.8,80.5,88,100.8,78,80.9,75.4,87.6,83.2,81.1,78.7,77.9,105.5,80.1,84.8,115,104.3,84.1,99.5,98,100.9,105.2,91.4,80.6,89.6,78.3,56.7,78.3,143.8,292.6,150.3,110.5,90.3,117.6,86.6,95.9,99.9,105.2,99.4,95.3,99.5,86,88.8,101.6,81.5,86,110.4,127.4,65.5,101.9,87.6,92.6,146.7,101.9,113,76.1,81.6,115.6,1145.9,103.4,84.3,94,85.1,90.6,109.1,69,45.9,87.8,80.6,97.4,113.3,
1997,98.1,98.8,97.6,98.4,100.6,104.2,88.7,81.5,90.1,100.5,79.8,82.7,78.7,89,87.5,86.3,72.2,71.2,106.9,81.7,87.3,117.9,105.4,86.7,101,99.5,102.2,106,93.9,84,92.3,82.7,58.2,82.5,143.2,286.5,150.1,110.7,91.3,115.7,89.5,98.6,102.6,106.7,102.2,98.3,102.4,89,91.2,104.5,83.2,92.5,112.1,127.4,75,102,89.4,91.9,146.6,104.2,115.2,78.2,83.8,118.2,1100.9,105.6,86.7,96.9,86.9,93.1,109.7,71.1,46.9,90.7,82.4,99.6,115.7,
1998,98.3,98.6,97.6,98.1,100.7,104.4,89.6,86.5,90.1,99.6,80.3,83.3,78.7,87.6,93.2,95.1,78,77.3,106.1,82.1,87.3,120.3,104.9,86.9,101.2,99.1,102.5,105.4,93.5,82,88.2,81.9,52.6,84.4,140.9,275.3,147.9,109.2,91.2,113.7,91.2,99.3,103.9,106.5,103.7,98.4,102.5,89.2,91.6,104.8,83.4,96.1,111.6,125.5,81.3,100.2,89.7,89.2,143.3,105.9,117.6,79.2,84.8,117.5,1070.4,105.6,87,96.2,87.3,93.9,109,70.8,48,93.1,78.4,101.4,115.1,
1999,97.8,98.6,97.1,97.9,100.6,104.2,88.6,80.3,90.2,99.2,80,82.3,77.8,89,85,82.1,74.4,73.5,105.6,83,87.1,121.4,104.7,87.1,101.3,98.7,102.7,105.4,92.7,81.2,87,80.7,51.2,85.2,138.6,267.3,146.5,108.8,90,112.4,91.8,99,103.4,106.6,103,98.4,101.8,90.4,91.7,104.2,83.1,95.1,111.5,123.6,80.3,100.4,89.8,89.7,143.1,107.3,119.6,79.4,85.2,116.5,1022.8,104.3,87.3,95.7,87.8,94.3,108.2,69.9,50.5,93.8,78.2,102.6,114.3,
2000,97.2,98.1,96.3,97.3,99.9,103.6,87.4,78.2,89.2,97,78.4,80.2,76.9,87.9,83.2,79.2,73.2,72.2,103.8,83,86.3,120.5,104.1,86.1,101.4,98.3,103.1,105.3,91.9,82.6,87.2,82.5,55.9,86.7,134.2,247.4,144.2,106.3,88.7,110.4,92.6,97.5,101,105.3,100.6,97.3,100,91.2,90.9,103.5,83.1,95,111.1,120.4,81,100.5,90.2,91,137,108.5,121.1,79.9,85.4,114.8,915.4,103.3,87.4,95.1,87.5,94.6,107.5,68.9,50.5,94.8,80.5,103.6,112.9,
2001,96.3,97.3,95.1,96.2,99.1,102.8,86.2,74.9,88.5,95.5,77.6,79,77,86.2,80.2,74.7,68.6,67.6,102.5,81.4,85.5,118.6,103.3,85.7,101.7,97.8,103.5,105.1,91.1,83.1,86.6,83.7,56.9,88.4,129.3,228.7,142.2,102.1,87.7,106.5,93,95.3,97.8,101.3,97.5,94.8,96.6,90.5,89.8,103.6,83.1,95.2,110.2,117.3,82.5,99.4,90.1,91.4,129.4,109.6,122.6,80.9,86,111.4,727.5,101.7,87.7,94.1,87.5,94.8,106.5,69.5,50.5,94.9,80.2,104.5,110,
2002,95.7,96.5,94.4,95.4,98.4,102,86.3,77.5,88.1,94.9,77.7,79.7,77.3,86.3,83.7,80.6,68.7,67.9,100.6,80.1,85.2,116.3,102.4,85.9,101.4,97.2,103.4,104.8,90.3,81.5,83.4,82.7,54.9,89.5,124.7,210.8,138.4,99.2,86.4,104.4,93.5,93.2,94.9,97.2,94.6,92.4,93.3,90,89.2,104.2,82.9,94.2,109.2,113.1,82.3,99.2,90,91.2,128.6,110.8,123.8,82,87.2,109.4,628.1,99.9,87.7,93.5,87.6,94.8,105.1,71.2,50.5,95.1,78.3,105.4,108.2,
2003,95.5,96.3,94.2,95.2,98.2,101.7,86,76.3,88,98.7,75.8,77,78.3,85.1,82.8,79.9,69.2,68.5,98.6,80,84.6,113.4,101.5,86,101.4,96.7,103.5,104.5,89.5,81.6,82.7,83.2,56.9,89.9,121,194.6,133.1,97.2,85,105.4,93.8,91.8,92.6,95.5,92.4,90.9,91.1,89.9,88.3,104,82.6,98.4,108.6,110.4,90,99,90.2,90.8,128.4,111.2,124.9,81.1,86.5,107.7,541.5,97.7,88,93.4,88.7,94.9,103.5,74.2,53.6,94.7,78.7,105.8,106.7,
2004,95.4,96.1,94.2,94.9,97.8,101.1,86.8,79.2,88.2,97.5,75.4,76.3,80.7,87.1,86.3,85.3,72.7,72.2,97.6,80.3,84.7,110.7,100.8,86.7,101.1,96.2,103.2,104,89,81.7,81.8,82.9,61.6,90.4,117.1,180,128.2,95.3,84.2,103,94.4,92,93,95.9,92.9,91.7,92.3,90.1,87.4,103,83,97.3,108.1,108.6,88.9,99,90.4,91.8,124.7,112.1,125.7,81.1,87.4,106.5,475.2,96.3,88.4,93.1,88.9,95.1,102.6,74.2,54.6,94.9,80.5,106.5,105.6,
2005,95.2,96.1,93.8,94.9,97.3,100.7,85.7,75.4,87.9,92.8,74.7,74.7,81.7,86.8,82.3,79.3,69.4,68.7,96.7,80.4,85.2,108.6,100.5,86.7,101.1,96,103.3,103.8,88.7,83.1,80.6,84.3,78.8,91,114.4,172.3,124.9,93.7,83.5,100.2,94.7,92.6,94.2,95.8,94.2,92.7,93.3,91.1,86.4,102.2,83.4,97,107.5,107,89.1,99.4,90.3,94.6,117.1,112.9,126.6,81.1,87.7,105.2,406.8,95.8,88.8,93.1,89.2,95.3,101.6,75.6,54.6,96.5,84.2,106.9,104.5,110.9
2006,95.4,96.2,94.1,95,97.1,100.3,86.3,79,87.8,91.5,76.9,77.8,82.7,85.9,83.6,81.5,75.6,75.3,95.5,80.4,85.7,106.5,99.5,87.4,101,96,103.2,103.7,88.8,85.3,80.6,88.2,90.5,91.6,112.3,163.3,121.9,93.4,84,99.9,95.1,93.3,95.1,95.2,95.1,93.2,94.1,91.1,87.3,101.6,84.4,96.6,106.8,106.9,88.7,99.6,89.9,96.1,113.8,113.7,127.5,81.5,88.6,103.9,334,95.7,89.1,93.8,90.2,95.1,100.8,78.8,58.3,96.5,87.7,107.7,103.1,108.6
2007,95.8,96.5,94.5,95.3,97.1,100.1,86.9,79.6,88.3,92,77.2,78.2,84.6,85.5,84.4,82.7,75.1,74.7,96.7,81,86.4,105.6,98.7,88,100.9,96,103.1,103.6,88.9,86.8,81.4,89.9,98.3,91.5,110.6,153.7,119.4,92.9,85.1,100.8,95.2,93.8,95.5,95,95.5,93.9,95.2,90.7,88.7,101.1,85.3,96.8,106.2,105.9,89.7,100.5,90.4,98.3,111.5,114.5,128.2,82.4,89.4,102.7,278.9,94.4,89.3,94.7,90.7,94.9,100.9,79.8,59.6,97.2,91,108.4,102.2,106.9
2008,96.8,97.6,95.7,96.7,97.8,100.1,89.4,79.1,91.6,98.4,79.2,79.2,87.5,90.4,85.4,82.5,72.5,72,101.2,86.3,89.9,105.2,100.7,89.6,101,96.5,103,103.5,90,91.5,85.8,96.3,111.9,91.9,110.6,149.2,117.9,92.3,86.5,104.1,95.2,94,95.6,94.8,95.7,93.6,94.9,90.6,89.8,100.4,87,96.6,105.5,103.8,90.2,100.3,91.2,97.7,111.9,115.2,129.2,83.5,89.8,102,224.3,95,89.6,95.7,90.9,95,100.3,81.7,59.6,97.2,95.3,109.4,101.7,107.3
2009,95.2,96.1,93.9,95,97.1,99.1,88.7,76.9,91,96.9,77.4,76.3,85.7,90.6,85.1,82.2,68.6,68,99.5,87.8,89.4,102.3,99.3,90,100.8,96.3,102.7,103,90.1,86.1,81.5,92.7,80.9,92.5,106.7,138,113.9,89.2,85.8,100.9,95.5,93.1,94.1,94,94,93.1,94.3,90,89.6,98.9,87.5,96.2,102.6,101.2,91.5,97.1,90.2,93,110.9,116.3,130.3,88.7,89.9,99,173.5,93.8,89.8,93.5,90.5,94.9,98.8,80.8,59.6,97.4,86.3,110.4,98.9,106.7
2010,94.7,95.3,93.4,94,95.8,97.8,88.8,83,90,93.8,76.7,76.4,84.5,89.9,90.7,91.9,77,77,97.8,86.7,88.3,100.4,98,89.9,100.4,95.8,102.3,102.6,89.5,87.5,81,93.9,95.4,92.8,101.8,123.6,109.3,87.6,85.1,97.2,95.7,92.1,93.2,94.4,93.2,91.8,93.2,88.7,88.5,96.4,87.5,95.9,101.9,99,91.9,97.9,89.7,94.8,110.1,102.5,109.6,89,90.1,97.1,137.4,91.4,90,94,93,94.8,97.7,80.3,71.1,101,89.6,99.7,97.1,106.5
2011,94.6,95.2,93.3,94,95.2,97.1,88.7,82.1,90,94.2,77.6,77.6,84.5,89.7,89.1,89.4,76.1,75.9,97.5,86.2,89,100.3,96.9,90.1,100.2,95.6,102.1,102.2,89.5,91,84.7,97.2,109.3,92.8,96.7,107.3,106.4,88.2,85.3,95.6,95.2,92.1,93.5,94.9,93.4,92.2,94,88,87.5,96.4,87.6,95.1,99.3,98.6,91.9,99.2,90.4,97,109.5,102.7,110,89,89.9,93.6,103.3,90,90.3,94.3,95.2,94.4,96.4,79.8,82.5,104.6,95.1,99.9,94,106.3
2012,94.4,95,93.1,93.9,94.8,96.5,88.1,79.8,89.8,96,77.4,76.7,83.5,88.1,86.2,84.9,75.4,75,95.8,85.9,89.3,98.8,95.7,90.1,99.8,95.4,101.7,101.7,89.5,94.1,89,100.4,112.1,93.1,93.7,97,104.7,89.2,86.8,93.8,95.3,92,93.5,95.6,93.4,92,93.9,87.7,87.1,95.7,87.8,94.4,97.4,97.3,92.1,99.2,90.6,97.6,108.2,103.1,110.4,91.2,90.2,92.2,94.8,89,90.8,93.5,95.1,94.4,95.5,80.1,82.5,104.7,98.2,100.3,92.7,105.4
2013,95.2,95.8,94.2,94.8,95,96.7,88.8,82.7,90,95,80.2,79.9,84.9,89,88.2,88.4,76.7,76.4,96.2,86.1,89.5,97.7,94.9,90.5,99.5,95.1,101.2,101.3,89.3,99.2,96.5,103.9,120,93.7,93.1,95,102.6,89.1,87.1,94,94.8,92.5,94,95.3,93.9,93,95.1,88.4,86.9,95,88.2,93.9,96.7,95.4,92.2,101,90.6,100.5,108.2,103.7,110.7,94.7,91.1,92.1,93.7,89.3,90.9,93.5,97,94.4,96,85.4,82.5,108.2,104.5,100.8,92.6,104.7
2014,98,98.5,97.5,98.1,97.5,98.8,92.7,87.7,93.7,95,87.9,88.9,92.3,93.5,90.7,90.7,80.4,80.1,99.3,90.4,94.4,99.1,97.4,93.5,99.6,96.4,100.9,100.9,92.4,104.8,103.9,110,119.8,96.6,96.6,98.8,105.5,92.7,90.7,97.8,97.1,95.1,96.5,98,96.5,95.9,97.2,93,89.5,97.5,91.9,95.4,99.1,97.1,93.1,103.3,97,102.1,109.5,106.1,112.6,96.3,94.3,95.9,97.3,94.9,93.7,96.9,100.2,96.6,97.9,91.4,86,111.8,109.4,103.1,96.3,106.4
2015,98.2,98.5,97.8,98.1,98.4,99.4,95.1,93.2,95.4,94.8,89.7,90.3,95.5,96.5,96,98.4,88.1,87.9,99.9,94.1,96.8,99.9,96.6,94.9,99.6,96.8,100.7,100.7,93.6,99.3,99.4,103.3,90.5,97.1,97.7,99.7,103.9,95,93,98.7,96.5,96.9,97.8,97.5,97.8,97.8,98.8,95.3,93.3,98.4,92.5,96,99.7,97.3,93.9,100.7,97.5,97.4,110.2,107.7,114.7,97.7,95,97.3,103.9,95.8,94.2,97.8,100.9,96.9,100.1,93.7,86,111.3,98.8,104.8,97.6,106.1
2016,98.2,98.2,97.8,97.8,98.8,99.6,96.4,97.2,96.3,96.3,92.2,93.4,96.7,95.9,99.8,103.7,90.8,90.6,100.5,95.6,97.6,100.2,96.7,95.5,99.4,97.2,100.3,100.3,94.5,93.4,92.4,94.2,80.4,97.6,97.1,96.4,100,96.3,97.2,97.8,96.6,98.4,99.2,97.4,99.3,98.8,99.5,97,96.7,99.1,93.3,96.8,99.4,98.3,95.2,99.3,97.4,96.3,107.3,109.3,116.7,97.8,95.8,98.1,101.8,96.6,94.5,99,101.5,97.1,99.3,94.8,87.5,112.8,91.8,106.4,98.2,104.8
2017,98.9,98.9,98.7,98.7,99,99.6,97.5,98.8,97.2,97.8,97,99.1,98,95.5,100.4,103.2,91.3,91,100.9,96.2,98.1,100.4,100.2,95.8,99.3,97.2,100.1,100.1,94.8,97.4,97.7,96.4,96.4,98.1,96.4,95.4,97.2,96.2,97.8,96.1,96.7,98.4,99.1,97.8,99.2,98.8,99.1,98,97.1,99,94,98,99.5,98.2,97.1,99.9,97.3,98.4,104.7,109.7,117,98.4,96.6,98.4,99.4,96.3,95.1,99.8,101.8,97.4,99,95.2,88.3,113.4,97.8,106.9,98.5,102.8
2018,99.6,99.7,99.6,99.7,99.3,99.8,97.9,97.4,98.1,99.2,99.3,100.6,98.3,98.2,98.1,97.9,92.9,92.5,100.7,96.1,98.5,100.3,99.5,96.7,99.2,97.3,99.9,100,95,101.5,102.5,100.1,110.9,98.6,95.8,94.6,95.2,96.1,97.3,95.9,96.8,98.5,98.9,97.3,98.9,99,99.4,98.2,97.3,99.2,95.4,99.3,99.1,98.8,99.6,100.8,97.5,101,102.2,110.2,117.4,98.4,97.3,99.4,97.8,96.2,96.2,101.3,102.4,97.5,98.8,95.7,92.5,113.8,104.2,107.4,99.4,100.7
2019,100.1,100.3,100.2,100.4,100,100.1,99,96.5,99.4,100.2,100.3,100.5,99.2,100.3,96.4,95,94.5,94.2,100.5,98.7,99.6,100.6,99.6,98.7,99.6,98.9,99.9,100,97.9,102.3,102.9,101.4,111.2,99.7,98.3,98.7,97.9,98.5,97.6,98.2,98.7,99.2,99.1,99.2,99.1,99.4,99.5,99.1,99.2,99.7,98.2,99.9,99.3,99.5,100.2,100.5,98.8,101.6,99.2,106.3,110.5,99,98.8,101,98.5,98.5,98.9,102.7,101.3,98.9,99.2,98.3,96.8,107.1,104.3,104.7,100.9,99.1
2020,99.9,99.9,99.8,99.8,100,100,99.9,100,99.9,99.7,99.5,99.3,100.2,99.8,100.5,100.7,99.2,99.2,99.8,100.2,99.9,99.7,99.9,99.9,100.1,100.4,100,100,100.8,98.5,98,98.4,97.1,99.9,100.5,100.8,99.9,99.9,100.4,100.7,100.1,100.2,100.4,100,100.5,100.2,100.2,100.1,99.6,100,100.2,99.8,100.1,99.4,99.8,99.7,100,99.5,100.1,99.2,98.7,100.2,100.4,99.9,99.6,99.9,100.4,99.9,100.3,100,99.9,100,102.3,100.3,98.2,99.2,99.9,100.3
2021,100,99.9,99.9,99.9,99.2,98.8,100.7,101,100.6,99.1,103.1,104.6,101.5,100,99.4,98.7,100.8,101.4,101.1,101.4,100.8,100.9,99.6,100.6,100.7,102.2,100.1,99.9,104,104.8,104.5,103.2,122.7,102.9,101.6,101.5,101.2,99.9,101,102.9,100.1,100.7,101.8,99.8,101.9,100,100.1,99.9,99.1,99.3,101.5,99.5,100.6,98.7,99.3,93.2,100.6,103.3,70.1,100.3,99.6,100.3,102.2,101.9,99.2,98.9,103,103.3,101.4,100.2,99.7,102,110.2,101.5,108.7,100.5,101.8,74.5
2022,103.2,103,103.7,103.5,101.4,99.9,106.4,108.4,106,105.6,116.4,120.1,106.8,105.1,102.9,102.5,105.2,106.1,109.5,107.3,106.9,104.8,102.5,105,101.6,105.5,100.1,100,109.9,117.3,120.6,121.9,137.7,101.5,107.7,110.6,105.2,103.7,107.9,107,101.3,102.9,103.8,101.1,103.9,102.3,102,102.7,101.5,100.6,105.9,99.5,102,99.4,98.3,94,101.1,104.8,69.6,101.1,100,104.1,103.6,103.2,103.3,102.1,104.2,103.4,102.6,101.5,100.4,106.3,113.8,101.7,122.6,101.2,103.1,71.6
