timestamp,auction_id,product_category,initial_bid,winning_bid,competitor_bid,user_segment,time_of_day,day_of_week,conversion_rate,click_through_rate,impression_score,historical_roi,bid_competitiveness,profit_potential
2024-10-06 14:33:36.972593,AUC_000000,Sports,18.19,19.41,19.31,High,14,6,0.0555,0.1312,0.774,0.213,0.937,1.182
2024-10-06 15:33:36.972593,AUC_000001,Books,75.38,109.8,104.81,Medium,15,6,0.1132,0.2186,0.495,-0.128,0.687,-1.449
2024-10-06 16:33:36.972593,AUC_000002,Home,59.27,90.43,87.09,Medium,16,6,0.0766,0.1554,0.649,0.363,0.655,2.781
2024-10-06 17:33:36.972593,AUC_000003,Books,50.58,58.15,53.66,Low,17,6,0.0626,0.1063,0.244,-0.091,0.87,-0.57
2024-10-06 18:33:36.972593,AUC_000004,Books,91.94,120.79,118.54,Medium,18,6,0.0652,0.0857,0.706,0.174,0.761,1.134
2024-10-06 19:33:36.972593,AUC_000005,Fashion,36.82,44.9,42.72,Medium,19,6,0.0743,0.0667,0.261,-0.066,0.82,-0.49
2024-10-06 20:33:36.972593,AUC_000006,Home,57.12,65.86,62.96,Low,20,6,0.1199,0.1952,0.725,-0.016,0.867,-0.192
2024-10-06 21:33:36.972593,AUC_000007,Home,72.79,95.73,88.39,Medium,21,6,0.1349,0.1089,0.307,0.128,0.76,1.727
2024-10-06 22:33:36.972593,AUC_000008,Home,81.68,95.31,94.32,Medium,22,6,0.1437,0.1376,0.206,0.05,0.857,0.718
2024-10-06 23:33:36.972593,AUC_000009,Books,51.34,66.81,62.61,Medium,23,6,0.1202,0.1332,0.249,-0.104,0.768,-1.25
2024-10-07 00:33:36.972593,AUC_000010,Sports,85.79,102.11,98.53,Medium,0,0,0.0542,0.1528,0.102,-0.097,0.84,-0.526
2024-10-07 01:33:36.972593,AUC_000011,Home,79.2,105.3,98.18,Low,1,0,0.1063,0.2191,0.747,0.051,0.752,0.542
2024-10-07 02:33:36.972593,AUC_000012,Books,15.96,16.61,13.67,Medium,2,0,0.0713,0.2456,0.759,0.254,0.961,1.811
2024-10-07 03:33:36.972593,AUC_000013,Fashion,14.13,17.65,17.57,Medium,3,0,0.0457,0.1137,0.563,0.339,0.801,1.549
2024-10-07 04:33:36.972593,AUC_000014,Sports,65.87,90.09,84.36,Low,4,0,0.1277,0.2103,0.245,-0.15,0.731,-1.916
2024-10-07 05:33:36.972593,AUC_000015,Fashion,41.27,47.29,46.04,High,5,0,0.0154,0.1958,0.175,0.036,0.873,0.055
2024-10-07 06:33:36.972593,AUC_000016,Sports,28.82,31.54,26.64,Low,6,0,0.1362,0.1519,0.117,-0.14,0.914,-1.907
2024-10-07 07:33:36.972593,AUC_000017,Books,62.17,66.99,59.01,High,7,0,0.0746,0.2399,0.249,-0.19,0.928,-1.417
2024-10-07 08:33:36.972593,AUC_000018,Electronics,40.74,49.4,48.72,Low,8,0,0.0992,0.0661,0.902,0.197,0.825,1.954
2024-10-07 09:33:36.972593,AUC_000019,Sports,58.35,61.53,56.39,Low,9,0,0.1023,0.0451,0.317,0.161,0.948,1.647
2024-10-07 10:33:36.972593,AUC_000020,Fashion,51.41,82.39,79.45,Medium,10,0,0.1353,0.2164,0.419,-0.102,0.624,-1.38
2024-10-07 11:33:36.972593,AUC_000021,Books,62.63,76.08,73.55,High,11,0,0.0991,0.121,0.195,-0.06,0.823,-0.595
2024-10-07 12:33:36.972593,AUC_000022,Sports,46.03,61.15,58.57,Medium,12,0,0.096,0.2148,0.3,-0.186,0.753,-1.786
2024-10-07 13:33:36.972593,AUC_000023,Electronics,72.79,136.54,129.97,High,13,0,0.0193,0.2254,0.567,0.301,0.533,0.581
2024-10-07 14:33:36.972593,AUC_000024,Electronics,26.21,40.33,39.78,Low,14,0,0.0826,0.0344,0.647,0.385,0.65,3.18
2024-10-07 15:33:36.972593,AUC_000025,Home,72.69,115.46,112.64,Low,15,0,0.031,0.2232,0.321,-0.119,0.63,-0.369
2024-10-07 16:33:36.972593,AUC_000026,Home,47.05,50.37,47.24,High,16,0,0.1132,0.1231,0.152,-0.061,0.934,-0.691
2024-10-07 17:33:36.972593,AUC_000027,Fashion,88.69,121.67,116.82,Medium,17,0,0.0817,0.1374,0.452,0.321,0.729,2.623
2024-10-07 18:33:36.972593,AUC_000028,Sports,56.37,73.76,68.39,Medium,18,0,0.1052,0.1641,0.311,0.356,0.764,3.745
2024-10-07 19:33:36.972593,AUC_000029,Sports,97.58,105.58,87.61,Medium,19,0,0.0158,0.2331,0.298,0.052,0.924,0.082
2024-10-07 20:33:36.972593,AUC_000030,Home,64.17,75.17,72.15,Medium,20,0,0.0219,0.0244,0.964,-0.17,0.854,-0.372
2024-10-07 21:33:36.972593,AUC_000031,Sports,30.15,31.82,31.02,Low,21,0,0.1103,0.1297,0.655,-0.176,0.948,-1.941
2024-10-07 22:33:36.972593,AUC_000032,Sports,83.96,103.81,98.74,Low,22,0,0.0201,0.1782,0.601,0.144,0.809,0.289
2024-10-07 23:33:36.972593,AUC_000033,Electronics,41.06,50.14,47.32,Low,23,0,0.02,0.1862,0.474,0.036,0.819,0.072
2024-10-08 00:33:36.972593,AUC_000034,Home,41.29,55.92,53.59,Low,0,1,0.0117,0.1793,0.486,-0.183,0.738,-0.214
2024-10-08 01:33:36.972593,AUC_000035,Books,12.86,16.77,16.21,Low,1,1,0.1439,0.0509,0.587,0.15,0.767,2.158
2024-10-08 02:33:36.972593,AUC_000036,Home,59.38,60.59,49.13,Medium,2,1,0.1133,0.0889,0.727,-0.193,0.98,-2.187
2024-10-08 03:33:36.972593,AUC_000037,Books,58.1,59.93,58.64,Medium,3,1,0.0595,0.1025,0.732,0.272,0.969,1.618
2024-10-08 04:33:36.972593,AUC_000038,Electronics,42.04,45.89,40.36,Medium,4,1,0.0515,0.205,0.255,-0.016,0.916,-0.082
2024-10-08 05:33:36.972593,AUC_000039,Fashion,90.48,118.77,110.56,Medium,5,1,0.059,0.0841,0.55,-0.176,0.762,-1.038
2024-10-08 06:33:36.972593,AUC_000040,Sports,21.59,21.85,19.08,Low,6,1,0.1185,0.0685,0.471,0.153,0.988,1.813
2024-10-08 07:33:36.972593,AUC_000041,Electronics,39.71,42.61,39.73,Low,7,1,0.1026,0.2402,0.883,0.039,0.932,0.4
2024-10-08 08:33:36.972593,AUC_000042,Sports,38.94,51.36,49.24,Low,8,1,0.0359,0.022,0.668,0.384,0.758,1.379
2024-10-08 09:33:36.972593,AUC_000043,Fashion,18.31,19.85,18.89,High,9,1,0.0344,0.2495,0.579,0.127,0.922,0.437
2024-10-08 10:33:36.972593,AUC_000044,Fashion,53.3,64.66,62.32,Medium,10,1,0.0238,0.1757,0.204,-0.035,0.824,-0.083
2024-10-08 11:33:36.972593,AUC_000045,Electronics,71.9,123.26,114.99,Medium,11,1,0.1024,0.2105,0.645,0.226,0.583,2.314
2024-10-08 12:33:36.972593,AUC_000046,Fashion,56.05,57.73,57.53,Low,12,1,0.117,0.0878,0.205,-0.037,0.971,-0.433
2024-10-08 13:33:36.972593,AUC_000047,Books,24.13,38.43,37.56,Medium,13,1,0.0471,0.0233,0.403,0.343,0.628,1.616
2024-10-08 14:33:36.972593,AUC_000048,Fashion,43.96,44.79,43.62,Medium,14,1,0.0129,0.1897,0.229,0.025,0.981,0.032
2024-10-08 15:33:36.972593,AUC_000049,Sports,10.23,10.63,10.06,Low,15,1,0.0215,0.2119,0.723,0.13,0.962,0.279
2024-10-08 16:33:36.972593,AUC_000050,Sports,88.15,131.4,127.06,High,16,1,0.1455,0.1903,0.286,-0.17,0.671,-2.474
2024-10-08 17:33:36.972593,AUC_000051,Sports,17.61,23.06,21.6,High,17,1,0.0514,0.0529,0.453,0.056,0.764,0.288
2024-10-08 18:33:36.972593,AUC_000052,Sports,63.76,87.63,80.68,High,18,1,0.1177,0.1933,0.906,0.299,0.728,3.519
2024-10-08 19:33:36.972593,AUC_000053,Books,98.76,121.89,121.77,Low,19,1,0.0975,0.1969,0.284,0.283,0.81,2.759
2024-10-08 20:33:36.972593,AUC_000054,Home,58.29,72.5,69.31,Medium,20,1,0.0635,0.1715,0.557,-0.065,0.804,-0.413
2024-10-08 21:33:36.972593,AUC_000055,Electronics,93.16,151.7,144.71,Low,21,1,0.0388,0.1962,0.477,-0.064,0.614,-0.248
2024-10-08 22:33:36.972593,AUC_000056,Sports,31.25,43.47,40.42,Low,22,1,0.027,0.2146,0.116,0.29,0.719,0.783
2024-10-08 23:33:36.972593,AUC_000057,Fashion,78.4,82.62,72.47,Medium,23,1,0.0961,0.1611,0.813,0.358,0.949,3.44
2024-10-09 00:33:36.972593,AUC_000058,Sports,57.81,81.35,74.93,High,0,2,0.1184,0.0404,0.162,-0.143,0.711,-1.693
2024-10-09 01:33:36.972593,AUC_000059,Fashion,74.85,80.14,63.52,High,1,2,0.1001,0.1322,0.527,0.07,0.934,0.701
2024-10-09 02:33:36.972593,AUC_000060,Fashion,15.61,15.62,15.19,Low,2,2,0.0842,0.0379,0.605,0.002,0.999,0.017
2024-10-09 03:33:36.972593,AUC_000061,Sports,23.3,23.89,23.34,High,3,2,0.0159,0.1137,0.666,0.322,0.975,0.512
2024-10-09 04:33:36.972593,AUC_000062,Books,21.98,27.48,26.58,Low,4,2,0.1456,0.1136,0.72,-0.15,0.8,-2.184
2024-10-09 05:33:36.972593,AUC_000063,Fashion,71.84,87.2,87.2,Low,5,2,0.1218,0.0352,0.328,-0.073,0.824,-0.889
2024-10-09 06:33:36.972593,AUC_000064,Fashion,86.0,88.07,82.04,Medium,6,2,0.051,0.1002,0.109,0.251,0.976,1.28
2024-10-09 07:33:36.972593,AUC_000065,Sports,77.47,78.0,71.02,Medium,7,2,0.1472,0.0455,0.751,-0.169,0.993,-2.488
2024-10-09 08:33:36.972593,AUC_000066,Fashion,12.74,13.45,11.38,Medium,8,2,0.0943,0.2059,0.582,0.096,0.947,0.905
2024-10-09 09:33:36.972593,AUC_000067,Fashion,88.05,104.09,99.92,Low,9,2,0.0915,0.238,0.853,0.065,0.846,0.595
2024-10-09 10:33:36.972593,AUC_000068,Sports,41.87,54.01,49.66,Medium,10,2,0.1147,0.0366,0.839,0.001,0.775,0.011
2024-10-09 11:33:36.972593,AUC_000069,Sports,45.74,72.14,68.76,High,11,2,0.1236,0.2397,0.859,0.037,0.634,0.457
2024-10-09 12:33:36.972593,AUC_000070,Electronics,19.44,27.3,27.02,High,12,2,0.1019,0.1402,0.537,0.118,0.712,1.202
2024-10-09 13:33:36.972593,AUC_000071,Books,76.37,117.71,117.0,Low,13,2,0.0279,0.0889,0.4,-0.103,0.649,-0.287
2024-10-09 14:33:36.972593,AUC_000072,Books,26.41,30.97,30.07,Low,14,2,0.0574,0.0377,0.812,0.143,0.853,0.821
2024-10-09 15:33:36.972593,AUC_000073,Fashion,60.76,71.16,70.01,Medium,15,2,0.1399,0.1351,0.506,0.283,0.854,3.959
2024-10-09 16:33:36.972593,AUC_000074,Books,85.66,123.99,122.48,Low,16,2,0.0414,0.2027,0.265,0.256,0.691,1.06
2024-10-09 17:33:36.972593,AUC_000075,Fashion,18.03,24.48,24.18,Low,17,2,0.0621,0.1826,0.869,-0.108,0.737,-0.671
2024-10-09 18:33:36.972593,AUC_000076,Electronics,58.18,76.34,69.98,High,18,2,0.0705,0.0316,0.894,-0.11,0.762,-0.775
2024-10-09 19:33:36.972593,AUC_000077,Sports,30.99,33.54,27.74,High,19,2,0.0715,0.0368,0.52,-0.039,0.924,-0.279
2024-10-09 20:33:36.972593,AUC_000078,Sports,40.86,44.16,43.81,Medium,20,2,0.0958,0.1127,0.168,0.017,0.925,0.163
2024-10-09 21:33:36.972593,AUC_000079,Sports,52.66,68.95,67.28,Low,21,2,0.142,0.0879,0.449,0.045,0.764,0.639
2024-10-09 22:33:36.972593,AUC_000080,Books,41.96,52.47,51.6,Low,22,2,0.0437,0.0734,0.823,0.208,0.8,0.909
2024-10-09 23:33:36.972593,AUC_000081,Electronics,68.39,100.83,100.7,High,23,2,0.027,0.0846,0.912,-0.166,0.678,-0.448
2024-10-10 00:33:36.972593,AUC_000082,Books,53.16,60.45,56.13,Low,0,3,0.0376,0.2048,0.283,-0.179,0.879,-0.673
2024-10-10 01:33:36.972593,AUC_000083,Books,62.58,86.52,79.31,High,1,3,0.1342,0.2337,0.16,0.035,0.723,0.47
2024-10-10 02:33:36.972593,AUC_000084,Electronics,76.31,120.62,110.78,Medium,2,3,0.1004,0.1132,0.89,0.218,0.633,2.189
2024-10-10 03:33:36.972593,AUC_000085,Electronics,60.2,66.83,64.99,High,3,3,0.05,0.2284,0.45,-0.084,0.901,-0.42
2024-10-10 04:33:36.972593,AUC_000086,Electronics,62.79,73.85,71.17,Low,4,3,0.1242,0.0939,0.588,0.185,0.85,2.298
2024-10-10 05:33:36.972593,AUC_000087,Electronics,60.8,76.68,72.72,Medium,5,3,0.1306,0.1296,0.971,-0.044,0.793,-0.575
2024-10-10 06:33:36.972593,AUC_000088,Sports,44.09,47.14,38.8,High,6,3,0.1285,0.072,0.16,0.332,0.935,4.266
2024-10-10 07:33:36.972593,AUC_000089,Home,40.37,41.62,35.68,High,7,3,0.1386,0.1673,0.683,0.337,0.97,4.671
2024-10-10 08:33:36.972593,AUC_000090,Home,90.97,103.29,95.67,Medium,8,3,0.0453,0.2452,0.167,-0.022,0.881,-0.1
2024-10-10 09:33:36.972593,AUC_000091,Electronics,64.68,115.98,108.95,Medium,9,3,0.1157,0.1588,0.438,-0.062,0.558,-0.717
2024-10-10 10:33:36.972593,AUC_000092,Home,31.99,35.54,33.7,High,10,3,0.0745,0.1023,0.823,0.047,0.9,0.35
2024-10-10 11:33:36.972593,AUC_000093,Home,54.84,57.62,55.52,Low,11,3,0.1279,0.169,0.49,-0.056,0.952,-0.716
2024-10-10 12:33:36.972593,AUC_000094,Electronics,39.73,57.83,57.6,High,12,3,0.112,0.0483,0.997,0.203,0.687,2.274
2024-10-10 13:33:36.972593,AUC_000095,Home,94.03,115.83,105.73,Medium,13,3,0.1187,0.2244,0.603,0.296,0.812,3.514
2024-10-10 14:33:36.972593,AUC_000096,Books,10.68,16.94,16.36,High,14,3,0.1019,0.1357,0.389,0.204,0.63,2.079
2024-10-10 15:33:36.972593,AUC_000097,Fashion,30.28,30.82,29.85,Medium,15,3,0.0348,0.1234,0.298,0.295,0.982,1.027
2024-10-10 16:33:36.972593,AUC_000098,Fashion,42.88,56.11,51.26,Medium,16,3,0.0863,0.1547,0.415,0.038,0.764,0.328
2024-10-10 17:33:36.972593,AUC_000099,Electronics,53.9,72.73,67.57,Low,17,3,0.1479,0.1637,0.435,-0.106,0.741,-1.568
2024-10-10 18:33:36.972593,AUC_000100,Sports,86.57,97.46,88.75,Medium,18,3,0.1412,0.0365,0.162,0.243,0.888,3.431
2024-10-10 19:33:36.972593,AUC_000101,Electronics,17.91,22.95,21.29,Medium,19,3,0.016,0.177,0.433,0.016,0.78,0.026
2024-10-10 20:33:36.972593,AUC_000102,Sports,82.53,87.71,80.16,Low,20,3,0.0331,0.0756,0.518,0.203,0.941,0.672
2024-10-10 21:33:36.972593,AUC_000103,Fashion,15.01,15.23,13.45,Medium,21,3,0.0284,0.1842,0.75,-0.038,0.986,-0.108
2024-10-10 22:33:36.972593,AUC_000104,Electronics,85.81,142.67,130.67,Low,22,3,0.1116,0.2092,0.691,-0.151,0.601,-1.685
2024-10-10 23:33:36.972593,AUC_000105,Books,14.65,19.36,18.22,Low,23,3,0.1245,0.2049,0.738,0.396,0.757,4.93
2024-10-11 00:33:36.972593,AUC_000106,Home,11.64,14.11,14.02,Medium,0,4,0.0399,0.1471,0.108,-0.106,0.825,-0.423
2024-10-11 01:33:36.972593,AUC_000107,Sports,72.73,75.01,70.36,Medium,1,4,0.0808,0.1396,0.296,0.393,0.97,3.175
2024-10-11 02:33:36.972593,AUC_000108,Home,99.75,115.47,111.5,High,2,4,0.1277,0.0529,0.696,0.386,0.864,4.929
2024-10-11 03:33:36.972593,AUC_000109,Home,90.69,96.1,79.29,Low,3,4,0.1126,0.1983,0.536,0.276,0.944,3.108
2024-10-11 04:33:36.972593,AUC_000110,Electronics,61.84,93.01,89.58,High,4,4,0.0859,0.0824,0.105,0.196,0.665,1.684
2024-10-11 05:33:36.972593,AUC_000111,Home,92.57,94.39,80.18,Medium,5,4,0.0926,0.1342,0.824,0.147,0.981,1.361
2024-10-11 06:33:36.972593,AUC_000112,Books,10.48,10.79,9.63,High,6,4,0.0812,0.0854,0.796,0.32,0.971,2.598
2024-10-11 07:33:36.972593,AUC_000113,Home,97.76,116.22,109.63,Low,7,4,0.0517,0.0508,0.594,-0.026,0.841,-0.134
2024-10-11 08:33:36.972593,AUC_000114,Electronics,54.17,77.33,74.63,High,8,4,0.0891,0.1648,0.16,0.081,0.701,0.722
2024-10-11 09:33:36.972593,AUC_000115,Books,75.06,111.4,109.17,Low,9,4,0.1064,0.0325,0.79,0.172,0.674,1.83
2024-10-11 10:33:36.972593,AUC_000116,Fashion,83.88,112.47,104.13,Medium,10,4,0.1323,0.1922,0.625,0.047,0.746,0.622
2024-10-11 11:33:36.972593,AUC_000117,Home,74.66,80.62,79.74,Medium,11,4,0.0991,0.093,0.804,0.056,0.926,0.555
2024-10-11 12:33:36.972593,AUC_000118,Electronics,58.15,107.55,103.99,Low,12,4,0.1166,0.02,0.777,-0.002,0.541,-0.023
2024-10-11 13:33:36.972593,AUC_000119,Fashion,52.9,72.67,72.49,Medium,13,4,0.0324,0.1376,0.823,0.139,0.728,0.45
2024-10-11 14:33:36.972593,AUC_000120,Fashion,85.47,121.15,117.44,Medium,14,4,0.0746,0.0308,0.566,0.31,0.705,2.313
2024-10-11 15:33:36.972593,AUC_000121,Sports,28.46,30.2,28.27,Medium,15,4,0.0113,0.0835,0.226,-0.079,0.942,-0.089
2024-10-11 16:33:36.972593,AUC_000122,Books,97.12,111.42,107.27,Medium,16,4,0.0445,0.1826,0.704,0.361,0.872,1.606
2024-10-11 17:33:36.972593,AUC_000123,Home,73.99,75.71,74.61,Low,17,4,0.1117,0.0344,0.658,0.213,0.977,2.379
2024-10-11 18:33:36.972593,AUC_000124,Electronics,27.96,38.55,38.21,High,18,4,0.1489,0.213,0.768,0.294,0.725,4.378
2024-10-11 19:33:36.972593,AUC_000125,Sports,76.26,95.8,95.74,High,19,4,0.0239,0.0209,0.253,0.134,0.796,0.32
2024-10-11 20:33:36.972593,AUC_000126,Books,57.69,60.85,60.11,Medium,20,4,0.0662,0.0768,0.275,0.268,0.948,1.774
2024-10-11 21:33:36.972593,AUC_000127,Sports,73.65,80.47,70.25,High,21,4,0.122,0.1904,0.901,-0.19,0.915,-2.318
2024-10-11 22:33:36.972593,AUC_000128,Books,79.1,86.74,69.68,High,22,4,0.0386,0.0927,0.775,0.291,0.912,1.123
2024-10-11 23:33:36.972593,AUC_000129,Books,17.86,19.18,16.13,Medium,23,4,0.0877,0.0434,0.917,-0.176,0.931,-1.544
2024-10-12 00:33:36.972593,AUC_000130,Home,55.55,64.9,59.62,Medium,0,5,0.1126,0.1029,0.783,0.334,0.856,3.761
2024-10-12 01:33:36.972593,AUC_000131,Books,93.88,106.51,101.11,High,1,5,0.0962,0.0822,0.637,0.395,0.881,3.8
2024-10-12 02:33:36.972593,AUC_000132,Sports,38.86,39.51,34.89,Low,2,5,0.0363,0.2138,0.689,-0.024,0.984,-0.087
2024-10-12 03:33:36.972593,AUC_000133,Books,63.45,82.45,79.84,Medium,3,5,0.0598,0.0921,0.9,-0.074,0.77,-0.443
2024-10-12 04:33:36.972593,AUC_000134,Home,43.23,46.51,42.63,Low,4,5,0.1197,0.2015,0.621,0.259,0.929,3.1
2024-10-12 05:33:36.972593,AUC_000135,Home,50.88,55.72,49.32,High,5,5,0.0876,0.2251,0.669,-0.048,0.913,-0.42
2024-10-12 06:33:36.972593,AUC_000136,Sports,59.37,73.55,69.4,Medium,6,5,0.0107,0.1198,0.241,0.319,0.807,0.341
2024-10-12 07:33:36.972593,AUC_000137,Fashion,59.4,74.05,73.68,Low,7,5,0.1165,0.2293,0.527,-0.138,0.802,-1.608
2024-10-12 08:33:36.972593,AUC_000138,Fashion,28.16,29.47,26.15,Medium,8,5,0.0149,0.1068,0.745,-0.124,0.956,-0.185
2024-10-12 09:33:36.972593,AUC_000139,Books,71.61,84.34,78.5,High,9,5,0.1144,0.2417,0.344,0.387,0.849,4.427
2024-10-12 10:33:36.972593,AUC_000140,Electronics,17.91,33.86,32.49,Low,10,5,0.0383,0.0405,0.282,0.204,0.529,0.781
2024-10-12 11:33:36.972593,AUC_000141,Books,22.49,28.73,26.21,High,11,5,0.1441,0.178,0.382,0.308,0.783,4.438
2024-10-12 12:33:36.972593,AUC_000142,Sports,10.24,13.18,12.56,High,12,5,0.0615,0.1336,0.317,-0.005,0.777,-0.031
2024-10-12 13:33:36.972593,AUC_000143,Sports,20.5,26.19,24.01,Medium,13,5,0.0558,0.1092,0.293,0.206,0.783,1.149
2024-10-12 14:33:36.972593,AUC_000144,Sports,52.58,73.64,68.43,Low,14,5,0.0308,0.1655,0.482,0.157,0.714,0.484
2024-10-12 15:33:36.972593,AUC_000145,Sports,64.55,96.6,93.41,High,15,5,0.0528,0.1819,0.917,0.162,0.668,0.855
2024-10-12 16:33:36.972593,AUC_000146,Sports,81.49,107.87,99.44,High,16,5,0.1327,0.021,0.556,0.21,0.755,2.787
2024-10-12 17:33:36.972593,AUC_000147,Home,19.6,24.92,23.09,Low,17,5,0.1495,0.0584,0.269,0.145,0.787,2.168
2024-10-12 18:33:36.972593,AUC_000148,Fashion,86.57,140.21,131.98,High,18,5,0.0616,0.184,0.169,0.057,0.617,0.351
2024-10-12 19:33:36.972593,AUC_000149,Sports,77.14,97.59,90.32,High,19,5,0.0728,0.1733,0.727,-0.034,0.79,-0.248
2024-10-12 20:33:36.972593,AUC_000150,Electronics,46.77,71.32,68.61,Low,20,5,0.1111,0.2422,0.445,0.261,0.656,2.9
2024-10-12 21:33:36.972593,AUC_000151,Electronics,93.96,97.74,93.09,Low,21,5,0.1341,0.195,0.84,-0.064,0.961,-0.858
2024-10-12 22:33:36.972593,AUC_000152,Electronics,99.18,141.4,135.31,Low,22,5,0.093,0.2387,0.694,0.215,0.701,1.999
2024-10-12 23:33:36.972593,AUC_000153,Electronics,28.45,41.53,40.1,Low,23,5,0.0648,0.1816,0.817,-0.06,0.685,-0.389
2024-10-13 00:33:36.972593,AUC_000154,Home,44.13,50.23,49.31,Medium,0,6,0.0678,0.0886,0.345,0.175,0.879,1.186
2024-10-13 01:33:36.972593,AUC_000155,Electronics,93.38,138.81,131.63,Low,1,6,0.1074,0.0442,0.723,0.248,0.673,2.664
2024-10-13 02:33:36.972593,AUC_000156,Sports,74.94,77.13,67.6,Medium,2,6,0.0105,0.1998,0.338,-0.069,0.972,-0.072
2024-10-13 03:33:36.972593,AUC_000157,Books,14.33,17.64,16.83,Medium,3,6,0.0967,0.1682,0.945,-0.164,0.812,-1.586
2024-10-13 04:33:36.972593,AUC_000158,Electronics,80.34,96.01,87.54,Medium,4,6,0.0598,0.0311,0.673,-0.121,0.837,-0.724
2024-10-13 05:33:36.972593,AUC_000159,Home,84.51,107.19,97.83,High,5,6,0.1212,0.1028,0.392,0.164,0.788,1.988
2024-10-13 06:33:36.972593,AUC_000160,Home,77.55,82.34,78.6,Medium,6,6,0.023,0.2401,0.343,0.31,0.942,0.713
2024-10-13 07:33:36.972593,AUC_000161,Electronics,81.96,129.29,122.84,Medium,7,6,0.0923,0.1351,0.272,-0.173,0.634,-1.597
2024-10-13 08:33:36.972593,AUC_000162,Books,84.26,99.66,97.21,High,8,6,0.0773,0.1195,0.725,0.24,0.845,1.855
2024-10-13 09:33:36.972593,AUC_000163,Electronics,26.78,39.95,39.46,High,9,6,0.0999,0.1253,0.297,0.005,0.67,0.05
2024-10-13 10:33:36.972593,AUC_000164,Home,31.21,33.82,33.82,High,10,6,0.0191,0.068,0.636,0.087,0.923,0.166
2024-10-13 11:33:36.972593,AUC_000165,Fashion,67.04,73.59,65.94,Low,11,6,0.0912,0.1048,0.338,0.357,0.911,3.256
2024-10-13 12:33:36.972593,AUC_000166,Sports,91.71,108.1,101.38,High,12,6,0.0886,0.1051,0.696,-0.001,0.848,-0.009
2024-10-13 13:33:36.972593,AUC_000167,Home,38.46,59.38,56.28,High,13,6,0.0885,0.032,0.833,0.079,0.648,0.699
2024-10-13 14:33:36.972593,AUC_000168,Electronics,62.95,85.25,79.46,Medium,14,6,0.0945,0.1965,0.8,-0.192,0.738,-1.814
2024-10-13 15:33:36.972593,AUC_000169,Sports,71.47,101.25,94.35,High,15,6,0.1047,0.1158,0.785,-0.151,0.706,-1.581
2024-10-13 16:33:36.972593,AUC_000170,Electronics,50.68,94.91,86.47,Low,16,6,0.1227,0.2091,0.269,-0.045,0.534,-0.552
2024-10-13 17:33:36.972593,AUC_000171,Electronics,74.24,120.15,116.18,High,17,6,0.0478,0.2156,0.18,-0.183,0.618,-0.875
2024-10-13 18:33:36.972593,AUC_000172,Fashion,90.97,123.57,122.73,Low,18,6,0.1255,0.0688,0.729,0.179,0.736,2.246
2024-10-13 19:33:36.972593,AUC_000173,Sports,66.17,83.61,82.63,High,19,6,0.0798,0.1712,0.432,0.056,0.791,0.447
2024-10-13 20:33:36.972593,AUC_000174,Sports,58.58,63.36,56.47,High,20,6,0.0208,0.1286,0.489,0.129,0.925,0.268
2024-10-13 21:33:36.972593,AUC_000175,Fashion,49.49,56.51,54.37,High,21,6,0.0182,0.2224,0.128,-0.095,0.876,-0.173
2024-10-13 22:33:36.972593,AUC_000176,Home,61.97,69.74,64.25,High,22,6,0.0568,0.0696,0.334,-0.022,0.889,-0.125
2024-10-13 23:33:36.972593,AUC_000177,Electronics,41.98,53.11,48.86,Low,23,6,0.1199,0.1759,0.13,0.198,0.79,2.374
2024-10-14 00:33:36.972593,AUC_000178,Books,45.23,48.74,38.18,Low,0,0,0.1091,0.1598,0.891,0.379,0.928,4.135
2024-10-14 01:33:36.972593,AUC_000179,Electronics,57.87,86.53,84.98,Medium,1,0,0.1204,0.0879,0.319,-0.17,0.669,-2.047
2024-10-14 02:33:36.972593,AUC_000180,Electronics,16.0,19.81,19.49,Low,2,0,0.0824,0.0514,0.602,0.334,0.808,2.752
2024-10-14 03:33:36.972593,AUC_000181,Home,30.61,37.19,35.3,High,3,0,0.0716,0.1699,0.135,0.146,0.823,1.045
2024-10-14 04:33:36.972593,AUC_000182,Electronics,58.86,80.49,78.94,Medium,4,0,0.0306,0.1899,0.7,0.138,0.731,0.422
2024-10-14 05:33:36.972593,AUC_000183,Fashion,48.84,49.04,44.24,Medium,5,0,0.0559,0.0926,0.391,0.1,0.996,0.559
2024-10-14 06:33:36.972593,AUC_000184,Fashion,39.95,42.19,38.39,Medium,6,0,0.0708,0.1683,0.908,-0.158,0.947,-1.119
2024-10-14 07:33:36.972593,AUC_000185,Sports,75.75,99.3,93.09,High,7,0,0.0224,0.1109,0.899,-0.146,0.763,-0.327
2024-10-14 08:33:36.972593,AUC_000186,Books,72.43,80.74,73.71,Low,8,0,0.0409,0.184,0.393,0.161,0.897,0.658
2024-10-14 09:33:36.972593,AUC_000187,Electronics,25.01,45.65,41.76,High,9,0,0.0938,0.0658,0.911,0.005,0.548,0.047
2024-10-14 10:33:36.972593,AUC_000188,Electronics,89.08,139.99,136.46,Medium,10,0,0.113,0.2247,0.997,0.35,0.636,3.955
2024-10-14 11:33:36.972593,AUC_000189,Home,54.59,58.55,54.14,High,11,0,0.1498,0.0861,0.843,0.044,0.932,0.659
2024-10-14 12:33:36.972593,AUC_000190,Fashion,76.73,81.64,79.25,High,12,0,0.1406,0.1046,0.86,-0.114,0.94,-1.603
2024-10-14 13:33:36.972593,AUC_000191,Books,61.58,83.24,78.79,Low,13,0,0.1,0.0334,0.324,0.229,0.74,2.29
2024-10-14 14:33:36.972593,AUC_000192,Sports,99.79,133.95,131.76,Low,14,0,0.069,0.0456,0.619,-0.024,0.745,-0.166
2024-10-14 15:33:36.972593,AUC_000193,Fashion,77.72,98.02,92.32,Medium,15,0,0.0991,0.1386,0.161,0.115,0.793,1.14
2024-10-14 16:33:36.972593,AUC_000194,Sports,73.63,121.79,113.53,High,16,0,0.12,0.0815,0.185,0.219,0.605,2.628
2024-10-14 17:33:36.972593,AUC_000195,Home,80.07,130.43,121.19,High,17,0,0.0266,0.2122,0.999,0.34,0.614,0.904
2024-10-14 18:33:36.972593,AUC_000196,Home,22.88,30.67,30.09,Low,18,0,0.0674,0.0234,0.394,0.275,0.746,1.854
2024-10-14 19:33:36.972593,AUC_000197,Electronics,28.41,41.05,38.64,High,19,0,0.1276,0.1072,0.773,0.206,0.692,2.629
2024-10-14 20:33:36.972593,AUC_000198,Books,74.27,85.79,81.79,High,20,0,0.0637,0.0976,0.826,0.208,0.866,1.325
2024-10-14 21:33:36.972593,AUC_000199,Sports,54.46,59.9,57.96,High,21,0,0.0901,0.0244,0.872,0.368,0.909,3.316
2024-10-14 22:33:36.972593,AUC_000200,Fashion,77.92,84.2,82.57,Low,22,0,0.0923,0.0486,0.998,-0.023,0.925,-0.212
2024-10-14 23:33:36.972593,AUC_000201,Home,19.26,23.59,23.16,Medium,23,0,0.0358,0.1151,0.317,-0.199,0.816,-0.712
2024-10-15 00:33:36.972593,AUC_000202,Electronics,58.28,61.49,58.92,Medium,0,1,0.0607,0.1334,0.136,-0.037,0.948,-0.225
2024-10-15 01:33:36.972593,AUC_000203,Electronics,44.09,62.36,59.74,High,1,1,0.0568,0.113,0.47,-0.069,0.707,-0.392
2024-10-15 02:33:36.972593,AUC_000204,Sports,51.13,53.98,47.98,Medium,2,1,0.0137,0.1421,0.217,0.197,0.947,0.27
2024-10-15 03:33:36.972593,AUC_000205,Home,64.36,70.36,62.65,Low,3,1,0.0134,0.1569,0.12,0.18,0.915,0.241
2024-10-15 04:33:36.972593,AUC_000206,Books,55.21,73.14,69.64,Low,4,1,0.1264,0.0223,0.424,0.156,0.755,1.972
2024-10-15 05:33:36.972593,AUC_000207,Home,58.59,62.91,56.48,Medium,5,1,0.0482,0.1267,0.805,-0.19,0.931,-0.916
2024-10-15 06:33:36.972593,AUC_000208,Sports,53.77,56.32,44.0,Medium,6,1,0.0825,0.2416,0.61,0.237,0.955,1.955
2024-10-15 07:33:36.972593,AUC_000209,Sports,46.81,51.12,45.32,High,7,1,0.0518,0.1394,0.382,-0.006,0.916,-0.031
2024-10-15 08:33:36.972593,AUC_000210,Home,79.47,83.86,64.05,Medium,8,1,0.1417,0.1758,0.689,0.199,0.948,2.82
2024-10-15 09:33:36.972593,AUC_000211,Sports,11.1,16.34,15.59,High,9,1,0.0463,0.0917,0.309,0.134,0.679,0.62
2024-10-15 10:33:36.972593,AUC_000212,Home,63.86,70.86,64.58,High,10,1,0.0702,0.198,0.113,0.006,0.901,0.042
2024-10-15 11:33:36.972593,AUC_000213,Fashion,60.9,82.15,77.39,Low,11,1,0.1322,0.1978,0.788,-0.119,0.741,-1.573
2024-10-15 12:33:36.972593,AUC_000214,Home,74.46,86.02,82.05,Low,12,1,0.1279,0.1399,0.661,-0.143,0.866,-1.829
2024-10-15 13:33:36.972593,AUC_000215,Home,63.91,78.39,77.81,Low,13,1,0.0361,0.2445,0.786,0.299,0.815,1.079
2024-10-15 14:33:36.972593,AUC_000216,Sports,84.41,93.65,86.41,Low,14,1,0.1224,0.0489,0.135,0.351,0.901,4.296
2024-10-15 15:33:36.972593,AUC_000217,Sports,96.32,108.4,106.33,Medium,15,1,0.0741,0.0239,0.853,0.19,0.889,1.408
2024-10-15 16:33:36.972593,AUC_000218,Electronics,40.83,66.64,61.88,Low,16,1,0.0776,0.1971,0.658,-0.138,0.613,-1.071
2024-10-15 17:33:36.972593,AUC_000219,Electronics,30.46,38.55,36.45,Medium,17,1,0.0287,0.2056,0.607,0.041,0.79,0.118
2024-10-15 18:33:36.972593,AUC_000220,Fashion,48.12,49.82,49.64,Low,18,1,0.0213,0.0476,0.662,0.237,0.966,0.505
2024-10-15 19:33:36.972593,AUC_000221,Electronics,35.91,38.91,35.61,Medium,19,1,0.1119,0.0811,0.878,0.268,0.923,2.999
2024-10-15 20:33:36.972593,AUC_000222,Home,65.35,65.65,56.13,High,20,1,0.0795,0.024,0.628,-0.129,0.995,-1.026
2024-10-15 21:33:36.972593,AUC_000223,Sports,92.07,101.73,93.81,Medium,21,1,0.0712,0.0875,0.623,-0.2,0.905,-1.424
2024-10-15 22:33:36.972593,AUC_000224,Electronics,22.52,26.23,25.16,Medium,22,1,0.1121,0.1978,0.992,0.227,0.859,2.545
2024-10-15 23:33:36.972593,AUC_000225,Electronics,19.07,19.93,18.76,Low,23,1,0.1172,0.1391,0.781,0.014,0.957,0.164
2024-10-16 00:33:36.972593,AUC_000226,Fashion,33.04,38.03,35.97,Medium,0,2,0.0322,0.1001,0.498,-0.047,0.869,-0.151
2024-10-16 01:33:36.972593,AUC_000227,Fashion,75.35,77.73,72.8,High,1,2,0.0954,0.1055,0.737,-0.192,0.969,-1.832
2024-10-16 02:33:36.972593,AUC_000228,Home,63.37,65.69,54.07,High,2,2,0.0289,0.0203,0.45,0.124,0.965,0.358
2024-10-16 03:33:36.972593,AUC_000229,Sports,19.2,20.67,16.32,Low,3,2,0.1152,0.089,0.306,0.311,0.929,3.583
2024-10-16 04:33:36.972593,AUC_000230,Fashion,92.69,130.47,118.93,High,4,2,0.102,0.1687,0.637,0.375,0.71,3.825
2024-10-16 05:33:36.972593,AUC_000231,Electronics,81.11,127.17,119.97,Medium,5,2,0.1439,0.2441,0.935,0.139,0.638,2.0
2024-10-16 06:33:36.972593,AUC_000232,Sports,12.07,14.28,13.89,High,6,2,0.0197,0.2148,0.936,0.109,0.845,0.215
2024-10-16 07:33:36.972593,AUC_000233,Sports,68.62,80.03,76.54,Low,7,2,0.018,0.0254,0.408,-0.149,0.857,-0.268
2024-10-16 08:33:36.972593,AUC_000234,Electronics,79.41,106.72,99.2,Medium,8,2,0.0495,0.2267,0.575,0.129,0.744,0.639
2024-10-16 09:33:36.972593,AUC_000235,Fashion,43.7,50.91,49.34,Low,9,2,0.0466,0.2001,0.29,0.028,0.858,0.13
2024-10-16 10:33:36.972593,AUC_000236,Electronics,16.2,29.61,29.45,Medium,10,2,0.0446,0.1995,0.996,0.164,0.547,0.731
2024-10-16 11:33:36.972593,AUC_000237,Sports,16.96,23.16,21.22,High,11,2,0.1369,0.1253,0.983,0.033,0.732,0.452
2024-10-16 12:33:36.972593,AUC_000238,Books,19.38,27.11,25.7,Low,12,2,0.0449,0.1115,0.685,-0.056,0.715,-0.251
2024-10-16 13:33:36.972593,AUC_000239,Books,85.64,98.31,95.05,Low,13,2,0.0481,0.0897,0.824,-0.143,0.871,-0.688
2024-10-16 14:33:36.972593,AUC_000240,Home,91.96,142.86,135.29,Medium,14,2,0.1163,0.0351,0.744,-0.011,0.644,-0.128
2024-10-16 15:33:36.972593,AUC_000241,Electronics,21.05,32.37,32.05,Low,15,2,0.073,0.0725,0.634,-0.142,0.65,-1.037
2024-10-16 16:33:36.972593,AUC_000242,Electronics,31.23,39.84,36.34,Medium,16,2,0.1187,0.0767,0.148,-0.094,0.784,-1.116
2024-10-16 17:33:36.972593,AUC_000243,Home,24.9,31.32,29.54,Medium,17,2,0.0192,0.1313,0.509,0.392,0.795,0.753
2024-10-16 18:33:36.972593,AUC_000244,Home,26.77,28.82,26.98,Medium,18,2,0.0783,0.1919,0.707,0.066,0.929,0.517
2024-10-16 19:33:36.972593,AUC_000245,Home,85.37,114.33,108.1,Medium,19,2,0.0147,0.129,0.71,0.119,0.747,0.175
2024-10-16 20:33:36.972593,AUC_000246,Sports,39.89,42.21,34.43,High,20,2,0.0188,0.0333,0.436,0.324,0.945,0.609
2024-10-16 21:33:36.972593,AUC_000247,Electronics,38.03,56.19,54.0,Medium,21,2,0.1369,0.2403,0.948,0.397,0.677,5.435
2024-10-16 22:33:36.972593,AUC_000248,Sports,30.47,40.23,37.78,Low,22,2,0.0295,0.2368,0.251,0.15,0.757,0.442
2024-10-16 23:33:36.972593,AUC_000249,Home,64.71,85.91,80.86,High,23,2,0.0845,0.2006,0.55,0.287,0.753,2.425
2024-10-17 00:33:36.972593,AUC_000250,Electronics,44.14,47.27,45.85,Low,0,3,0.0676,0.248,0.722,-0.004,0.934,-0.027
2024-10-17 01:33:36.972593,AUC_000251,Sports,76.98,83.98,69.35,High,1,3,0.0586,0.1452,0.727,-0.017,0.917,-0.1
2024-10-17 02:33:36.972593,AUC_000252,Sports,28.5,35.91,33.64,Medium,2,3,0.136,0.2414,0.684,0.042,0.794,0.571
2024-10-17 03:33:36.972593,AUC_000253,Home,80.9,82.39,76.89,High,3,3,0.0131,0.0374,0.348,0.204,0.982,0.267
2024-10-17 04:33:36.972593,AUC_000254,Electronics,64.33,95.27,90.95,High,4,3,0.1029,0.1041,0.241,0.209,0.675,2.151
2024-10-17 05:33:36.972593,AUC_000255,Home,20.28,21.53,18.51,Low,5,3,0.1449,0.0718,0.672,-0.011,0.942,-0.159
2024-10-17 06:33:36.972593,AUC_000256,Electronics,47.31,48.85,46.56,Low,6,3,0.0884,0.065,0.639,-0.12,0.968,-1.061
2024-10-17 07:33:36.972593,AUC_000257,Books,87.72,92.07,90.73,Medium,7,3,0.1412,0.0524,0.261,0.179,0.953,2.527
2024-10-17 08:33:36.972593,AUC_000258,Fashion,93.07,122.79,120.28,High,8,3,0.0173,0.1632,0.735,-0.123,0.758,-0.213
2024-10-17 09:33:36.972593,AUC_000259,Fashion,51.91,54.99,53.89,High,9,3,0.0686,0.1997,0.51,0.147,0.944,1.008
2024-10-17 10:33:36.972593,AUC_000260,Fashion,53.28,78.96,75.73,High,10,3,0.0464,0.153,0.701,0.216,0.675,1.002
2024-10-17 11:33:36.972593,AUC_000261,Home,92.66,120.64,120.39,Medium,11,3,0.1123,0.0538,0.854,0.22,0.768,2.471
2024-10-17 12:33:36.972593,AUC_000262,Books,62.84,65.64,61.62,Medium,12,3,0.1474,0.2066,0.253,0.252,0.957,3.714
2024-10-17 13:33:36.972593,AUC_000263,Electronics,12.96,24.55,22.55,Medium,13,3,0.0459,0.1663,0.117,0.324,0.528,1.487
2024-10-17 14:33:36.972593,AUC_000264,Sports,92.15,98.28,93.26,Medium,14,3,0.1016,0.1093,0.801,0.1,0.938,1.016
2024-10-17 15:33:36.972593,AUC_000265,Electronics,32.34,60.79,58.52,Medium,15,3,0.0377,0.175,0.649,0.238,0.532,0.897
2024-10-17 16:33:36.972593,AUC_000266,Sports,61.99,91.57,90.37,Low,16,3,0.0891,0.0798,0.73,0.172,0.677,1.533
2024-10-17 17:33:36.972593,AUC_000267,Electronics,24.9,48.87,45.45,High,17,3,0.075,0.0994,0.854,-0.088,0.51,-0.66
2024-10-17 18:33:36.972593,AUC_000268,Books,13.05,21.25,19.9,High,18,3,0.1461,0.231,0.823,-0.185,0.614,-2.703
2024-10-17 19:33:36.972593,AUC_000269,Sports,38.03,41.6,37.33,High,19,3,0.0952,0.0868,0.965,-0.029,0.914,-0.276
2024-10-17 20:33:36.972593,AUC_000270,Home,80.24,82.91,75.25,High,20,3,0.0589,0.1281,0.582,0.066,0.968,0.389
2024-10-17 21:33:36.972593,AUC_000271,Electronics,34.98,51.99,48.29,High,21,3,0.026,0.2247,0.54,0.17,0.673,0.442
2024-10-17 22:33:36.972593,AUC_000272,Electronics,29.81,46.17,45.24,High,22,3,0.0312,0.1828,0.462,0.31,0.646,0.967
2024-10-17 23:33:36.972593,AUC_000273,Sports,29.14,37.52,34.94,High,23,3,0.0415,0.0343,0.238,-0.082,0.777,-0.34
2024-10-18 00:33:36.972593,AUC_000274,Home,56.37,58.55,46.89,High,0,4,0.0451,0.0539,0.615,-0.125,0.963,-0.564
2024-10-18 01:33:36.972593,AUC_000275,Home,97.8,100.78,92.07,Low,1,4,0.1291,0.0218,0.349,0.378,0.97,4.88
2024-10-18 02:33:36.972593,AUC_000276,Books,51.31,70.52,66.27,High,2,4,0.0886,0.1651,0.929,-0.135,0.728,-1.196
2024-10-18 03:33:36.972593,AUC_000277,Home,60.16,76.52,69.72,Low,3,4,0.0833,0.123,0.625,0.087,0.786,0.725
2024-10-18 04:33:36.972593,AUC_000278,Home,87.46,94.47,86.46,Medium,4,4,0.0261,0.0509,0.634,0.151,0.926,0.394
2024-10-18 05:33:36.972593,AUC_000279,Home,58.16,64.31,59.16,High,5,4,0.1304,0.2403,0.419,0.125,0.904,1.63
2024-10-18 06:33:36.972593,AUC_000280,Fashion,26.6,29.12,23.68,Medium,6,4,0.1112,0.1418,0.147,-0.148,0.913,-1.646
2024-10-18 07:33:36.972593,AUC_000281,Books,36.96,38.17,33.61,Medium,7,4,0.0195,0.0756,0.129,-0.166,0.968,-0.324
2024-10-18 08:33:36.972593,AUC_000282,Electronics,37.89,55.67,53.57,Medium,8,4,0.1091,0.1351,0.481,-0.137,0.681,-1.495
2024-10-18 09:33:36.972593,AUC_000283,Sports,45.76,63.32,60.63,Low,9,4,0.0861,0.1763,0.176,0.151,0.723,1.3
2024-10-18 10:33:36.972593,AUC_000284,Electronics,48.41,83.51,81.64,Medium,10,4,0.0214,0.0375,0.646,0.127,0.58,0.272
2024-10-18 11:33:36.972593,AUC_000285,Books,81.98,84.44,81.58,Medium,11,4,0.0742,0.0832,0.893,-0.06,0.971,-0.445
2024-10-18 12:33:36.972593,AUC_000286,Sports,41.44,52.44,51.58,Medium,12,4,0.0779,0.2056,0.895,0.183,0.79,1.426
2024-10-18 13:33:36.972593,AUC_000287,Books,52.14,63.6,61.15,High,13,4,0.0332,0.1257,0.693,0.292,0.82,0.969
2024-10-18 14:33:36.972593,AUC_000288,Home,66.25,70.11,65.88,High,14,4,0.1424,0.1457,0.29,-0.175,0.945,-2.492
2024-10-18 15:33:36.972593,AUC_000289,Sports,44.0,66.58,65.59,Low,15,4,0.129,0.1195,0.877,0.099,0.661,1.277
2024-10-18 16:33:36.972593,AUC_000290,Home,85.29,119.95,112.47,Low,16,4,0.1037,0.0301,0.897,0.214,0.711,2.219
2024-10-18 17:33:36.972593,AUC_000291,Electronics,62.87,97.82,91.41,High,17,4,0.0747,0.0581,0.277,-0.049,0.643,-0.366
2024-10-18 18:33:36.972593,AUC_000292,Electronics,36.46,55.45,52.78,Low,18,4,0.0676,0.1225,0.764,-0.015,0.658,-0.101
2024-10-18 19:33:36.972593,AUC_000293,Sports,74.27,79.41,59.69,High,19,4,0.1011,0.0681,0.358,0.168,0.935,1.698
2024-10-18 20:33:36.972593,AUC_000294,Sports,57.49,65.25,65.0,Medium,20,4,0.0864,0.0315,0.822,0.339,0.881,2.929
2024-10-18 21:33:36.972593,AUC_000295,Books,58.1,63.79,57.18,Medium,21,4,0.0187,0.214,0.998,0.286,0.911,0.535
2024-10-18 22:33:36.972593,AUC_000296,Books,53.3,56.56,53.85,Low,22,4,0.0818,0.2457,0.127,0.15,0.942,1.227
2024-10-18 23:33:36.972593,AUC_000297,Home,54.73,73.61,68.68,High,23,4,0.1229,0.2024,0.908,0.238,0.744,2.925
2024-10-19 00:33:36.972593,AUC_000298,Sports,78.88,92.93,86.06,High,0,5,0.0743,0.2164,0.66,0.019,0.849,0.141
2024-10-19 01:33:36.972593,AUC_000299,Electronics,19.27,29.79,28.49,Low,1,5,0.0173,0.0757,0.976,0.185,0.647,0.32
2024-10-19 02:33:36.972593,AUC_000300,Books,40.09,43.2,41.6,High,2,5,0.1201,0.2409,0.519,0.08,0.928,0.961
2024-10-19 03:33:36.972593,AUC_000301,Books,16.8,23.06,21.56,Medium,3,5,0.0382,0.0653,0.863,-0.086,0.729,-0.329
2024-10-19 04:33:36.972593,AUC_000302,Electronics,77.79,85.34,78.56,Low,4,5,0.0462,0.2388,0.156,0.221,0.912,1.021
2024-10-19 05:33:36.972593,AUC_000303,Books,34.51,36.15,35.9,Low,5,5,0.0331,0.2488,0.402,0.134,0.955,0.444
2024-10-19 06:33:36.972593,AUC_000304,Home,90.77,101.63,97.56,High,6,5,0.0562,0.1837,0.16,0.015,0.893,0.084
2024-10-19 07:33:36.972593,AUC_000305,Sports,57.39,72.55,71.1,Low,7,5,0.1159,0.2457,0.978,0.347,0.791,4.022
2024-10-19 08:33:36.972593,AUC_000306,Electronics,82.07,126.15,119.48,High,8,5,0.0827,0.151,0.835,-0.187,0.651,-1.546
2024-10-19 09:33:36.972593,AUC_000307,Sports,98.1,107.63,97.39,High,9,5,0.0387,0.0797,0.867,-0.011,0.911,-0.043
2024-10-19 10:33:36.972593,AUC_000308,Books,85.58,111.63,108.48,High,10,5,0.1329,0.1205,0.944,-0.166,0.767,-2.206
2024-10-19 11:33:36.972593,AUC_000309,Books,88.03,118.68,109.3,High,11,5,0.1331,0.1565,0.177,0.26,0.742,3.461
2024-10-19 12:33:36.972593,AUC_000310,Electronics,46.72,65.31,64.08,High,12,5,0.1319,0.0368,0.447,0.221,0.715,2.915
2024-10-19 13:33:36.972593,AUC_000311,Home,59.66,63.74,61.89,Low,13,5,0.0434,0.1631,0.164,-0.001,0.936,-0.004
2024-10-19 14:33:36.972593,AUC_000312,Fashion,32.85,49.12,46.91,Medium,14,5,0.0732,0.2457,0.29,0.205,0.669,1.501
2024-10-19 15:33:36.972593,AUC_000313,Electronics,27.65,36.99,36.38,Medium,15,5,0.1479,0.0637,0.306,0.038,0.747,0.562
2024-10-19 16:33:36.972593,AUC_000314,Fashion,55.5,70.41,64.36,Low,16,5,0.1181,0.2023,0.522,0.254,0.788,3.0
2024-10-19 17:33:36.972593,AUC_000315,Fashion,63.55,81.41,74.09,Low,17,5,0.0138,0.2288,0.342,0.073,0.781,0.101
2024-10-19 18:33:36.972593,AUC_000316,Home,40.53,51.62,50.71,Medium,18,5,0.0191,0.2371,0.191,0.047,0.785,0.09
2024-10-19 19:33:36.972593,AUC_000317,Fashion,61.25,79.8,76.29,Medium,19,5,0.075,0.2408,0.251,0.361,0.768,2.708
2024-10-19 20:33:36.972593,AUC_000318,Fashion,89.87,113.99,103.79,Medium,20,5,0.1373,0.1399,0.233,-0.049,0.788,-0.673
2024-10-19 21:33:36.972593,AUC_000319,Home,60.1,60.68,49.59,Medium,21,5,0.0854,0.2448,0.976,-0.128,0.99,-1.093
2024-10-19 22:33:36.972593,AUC_000320,Fashion,74.87,89.31,86.87,Medium,22,5,0.0797,0.1942,0.783,0.151,0.838,1.203
2024-10-19 23:33:36.972593,AUC_000321,Fashion,82.48,82.8,73.58,High,23,5,0.0248,0.0572,0.971,0.382,0.996,0.947
2024-10-20 00:33:36.972593,AUC_000322,Fashion,98.99,106.66,80.27,Low,0,6,0.1019,0.1297,0.496,0.027,0.928,0.275
2024-10-20 01:33:36.972593,AUC_000323,Electronics,64.29,70.03,66.9,High,1,6,0.1251,0.1852,0.351,-0.163,0.918,-2.039
2024-10-20 02:33:36.972593,AUC_000324,Electronics,82.62,114.03,109.35,Medium,2,6,0.0633,0.0769,0.818,0.004,0.725,0.025
2024-10-20 03:33:36.972593,AUC_000325,Electronics,96.64,104.21,94.35,Medium,3,6,0.1186,0.1673,0.394,0.104,0.927,1.233
2024-10-20 04:33:36.972593,AUC_000326,Home,95.0,102.24,76.5,Medium,4,6,0.145,0.1733,0.369,-0.103,0.929,-1.493
2024-10-20 05:33:36.972593,AUC_000327,Books,22.7,29.52,28.3,High,5,6,0.0385,0.0574,0.309,0.195,0.769,0.751
2024-10-20 06:33:36.972593,AUC_000328,Fashion,46.58,52.11,49.74,High,6,6,0.0833,0.15,0.217,0.399,0.894,3.324
2024-10-20 07:33:36.972593,AUC_000329,Fashion,39.16,42.64,38.95,Medium,7,6,0.0502,0.1975,0.331,0.071,0.918,0.356
2024-10-20 08:33:36.972593,AUC_000330,Home,17.82,22.97,22.22,High,8,6,0.121,0.1347,0.42,0.013,0.776,0.157
2024-10-20 09:33:36.972593,AUC_000331,Fashion,66.99,97.29,89.03,High,9,6,0.0909,0.0228,0.707,0.04,0.689,0.364
2024-10-20 10:33:36.972593,AUC_000332,Electronics,76.23,147.78,140.62,Medium,10,6,0.0988,0.0221,0.156,-0.131,0.516,-1.294
2024-10-20 11:33:36.972593,AUC_000333,Books,86.33,109.3,106.33,High,11,6,0.1217,0.1021,0.289,0.33,0.79,4.016
2024-10-20 12:33:36.972593,AUC_000334,Sports,21.05,32.78,32.32,Low,12,6,0.0654,0.233,0.828,0.049,0.642,0.32
2024-10-20 13:33:36.972593,AUC_000335,Fashion,88.88,119.53,116.25,Low,13,6,0.1381,0.0726,0.232,0.032,0.744,0.442
2024-10-20 14:33:36.972593,AUC_000336,Electronics,67.86,95.52,91.81,Low,14,6,0.0846,0.1659,0.408,0.196,0.71,1.658
2024-10-20 15:33:36.972593,AUC_000337,Sports,73.36,115.02,114.39,Low,15,6,0.0321,0.0711,0.878,0.065,0.638,0.209
2024-10-20 16:33:36.972593,AUC_000338,Books,91.96,121.2,120.2,Medium,16,6,0.1074,0.094,0.239,0.189,0.759,2.03
2024-10-20 17:33:36.972593,AUC_000339,Sports,66.23,72.79,69.72,Medium,17,6,0.1211,0.215,0.174,-0.163,0.91,-1.974
2024-10-20 18:33:36.972593,AUC_000340,Electronics,40.23,62.71,61.13,Medium,18,6,0.0543,0.1876,0.536,0.288,0.642,1.564
2024-10-20 19:33:36.972593,AUC_000341,Sports,84.26,84.99,80.74,Low,19,6,0.13,0.0419,0.372,0.364,0.991,4.732
2024-10-20 20:33:36.972593,AUC_000342,Home,42.68,46.81,40.61,Low,20,6,0.1369,0.1186,0.607,0.189,0.912,2.587
2024-10-20 21:33:36.972593,AUC_000343,Sports,13.08,17.2,16.64,High,21,6,0.0488,0.0267,0.823,0.373,0.76,1.82
2024-10-20 22:33:36.972593,AUC_000344,Fashion,84.76,100.37,92.0,High,22,6,0.1477,0.1306,0.223,-0.109,0.844,-1.61
2024-10-20 23:33:36.972593,AUC_000345,Fashion,41.07,44.4,32.98,Low,23,6,0.0297,0.1724,0.623,0.086,0.925,0.255
2024-10-21 00:33:36.972593,AUC_000346,Home,79.65,102.42,101.49,Low,0,0,0.0383,0.0473,0.555,0.161,0.778,0.617
2024-10-21 01:33:36.972593,AUC_000347,Electronics,42.65,49.41,45.08,Low,1,0,0.0358,0.0864,0.23,0.149,0.863,0.533
2024-10-21 02:33:36.972593,AUC_000348,Fashion,87.5,93.65,93.52,Low,2,0,0.1352,0.1115,0.662,0.041,0.934,0.554
2024-10-21 03:33:36.972593,AUC_000349,Books,29.76,31.1,27.64,High,3,0,0.1016,0.2315,0.346,0.003,0.957,0.03
2024-10-21 04:33:36.972593,AUC_000350,Fashion,97.71,120.23,112.02,Low,4,0,0.0313,0.2484,0.539,-0.124,0.813,-0.388
2024-10-21 05:33:36.972593,AUC_000351,Fashion,80.18,107.04,104.05,High,5,0,0.0716,0.0303,0.174,0.035,0.749,0.251
2024-10-21 06:33:36.972593,AUC_000352,Electronics,20.28,27.41,26.02,Low,6,0,0.0961,0.195,0.514,-0.102,0.74,-0.98
2024-10-21 07:33:36.972593,AUC_000353,Sports,60.92,62.13,61.09,Low,7,0,0.0217,0.1055,0.376,0.241,0.981,0.523
2024-10-21 08:33:36.972593,AUC_000354,Fashion,98.68,138.02,127.17,Low,8,0,0.1335,0.1103,0.84,-0.075,0.715,-1.001
2024-10-21 09:33:36.972593,AUC_000355,Home,52.4,69.95,65.97,High,9,0,0.1225,0.1935,0.151,-0.165,0.749,-2.021
2024-10-21 10:33:36.972593,AUC_000356,Sports,26.39,30.51,28.93,High,10,0,0.0807,0.2312,0.477,0.131,0.865,1.057
2024-10-21 11:33:36.972593,AUC_000357,Books,53.63,77.65,73.85,Medium,11,0,0.1454,0.2387,0.513,0.157,0.691,2.283
2024-10-21 12:33:36.972593,AUC_000358,Electronics,56.12,111.06,104.66,Low,12,0,0.0685,0.1527,0.753,0.323,0.505,2.213
2024-10-21 13:33:36.972593,AUC_000359,Books,76.75,97.77,90.76,Medium,13,0,0.1478,0.1021,0.617,0.146,0.785,2.158
2024-10-21 14:33:36.972593,AUC_000360,Sports,72.9,80.42,77.44,Medium,14,0,0.1035,0.2011,0.7,0.007,0.906,0.072
2024-10-21 15:33:36.972593,AUC_000361,Sports,46.23,56.34,54.0,High,15,0,0.0989,0.0777,0.799,0.282,0.821,2.789
2024-10-21 16:33:36.972593,AUC_000362,Sports,29.62,44.38,42.33,High,16,0,0.0332,0.1497,0.876,0.124,0.667,0.412
2024-10-21 17:33:36.972593,AUC_000363,Books,68.05,103.38,97.75,Medium,17,0,0.1335,0.1025,0.382,-0.152,0.658,-2.029
2024-10-21 18:33:36.972593,AUC_000364,Sports,47.95,60.4,55.87,Low,18,0,0.0698,0.171,0.584,0.14,0.794,0.977
2024-10-21 19:33:36.972593,AUC_000365,Books,21.9,22.39,20.13,High,19,0,0.0327,0.0753,0.856,0.345,0.978,1.128
2024-10-21 20:33:36.972593,AUC_000366,Sports,91.05,98.31,95.81,Low,20,0,0.0118,0.0641,0.991,0.038,0.926,0.045
2024-10-21 21:33:36.972593,AUC_000367,Home,72.21,76.89,58.1,Low,21,0,0.0884,0.2312,0.901,-0.022,0.939,-0.194
2024-10-21 22:33:36.972593,AUC_000368,Sports,71.49,78.82,75.46,Medium,22,0,0.0838,0.0434,0.434,-0.114,0.907,-0.955
2024-10-21 23:33:36.972593,AUC_000369,Books,84.03,114.01,107.85,Medium,23,0,0.1107,0.1364,0.276,-0.109,0.737,-1.207
2024-10-22 00:33:36.972593,AUC_000370,Fashion,57.67,72.02,71.03,Medium,0,1,0.1346,0.0708,0.54,0.06,0.801,0.808
2024-10-22 01:33:36.972593,AUC_000371,Sports,83.35,98.25,90.4,Medium,1,1,0.0211,0.029,0.767,0.157,0.848,0.331
2024-10-22 02:33:36.972593,AUC_000372,Fashion,54.83,64.15,59.85,High,2,1,0.1124,0.0283,0.543,-0.152,0.855,-1.708
2024-10-22 03:33:36.972593,AUC_000373,Home,16.05,16.2,15.83,High,3,1,0.0362,0.0603,0.535,0.364,0.991,1.318
2024-10-22 04:33:36.972593,AUC_000374,Electronics,46.47,59.64,57.38,Medium,4,1,0.1301,0.2194,0.854,0.253,0.779,3.292
2024-10-22 05:33:36.972593,AUC_000375,Home,54.77,69.21,67.56,High,5,1,0.1247,0.085,0.425,0.152,0.791,1.895
2024-10-22 06:33:36.972593,AUC_000376,Sports,74.82,105.22,96.02,Medium,6,1,0.0857,0.2386,0.874,0.297,0.711,2.545
2024-10-22 07:33:36.972593,AUC_000377,Fashion,19.59,20.27,18.1,Low,7,1,0.1094,0.1538,0.466,-0.152,0.966,-1.663
2024-10-22 08:33:36.972593,AUC_000378,Fashion,22.6,30.93,28.2,Low,8,1,0.054,0.1204,0.395,0.086,0.731,0.464
2024-10-22 09:33:36.972593,AUC_000379,Books,33.73,42.68,41.36,Low,9,1,0.076,0.1534,0.509,0.178,0.79,1.353
2024-10-22 10:33:36.972593,AUC_000380,Fashion,33.98,46.33,43.35,Medium,10,1,0.125,0.1388,0.786,0.297,0.733,3.712
2024-10-22 11:33:36.972593,AUC_000381,Books,75.9,91.6,85.32,Low,11,1,0.0743,0.1945,0.213,0.27,0.829,2.006
2024-10-22 12:33:36.972593,AUC_000382,Electronics,32.57,38.92,38.73,High,12,1,0.0601,0.085,0.277,-0.034,0.837,-0.204
2024-10-22 13:33:36.972593,AUC_000383,Sports,66.98,82.65,79.82,Low,13,1,0.0792,0.1012,0.956,0.365,0.81,2.891
2024-10-22 14:33:36.972593,AUC_000384,Books,54.48,65.69,62.62,Low,14,1,0.126,0.2256,0.258,-0.125,0.829,-1.575
2024-10-22 15:33:36.972593,AUC_000385,Electronics,61.6,86.83,85.19,Low,15,1,0.0569,0.2377,0.611,0.325,0.709,1.849
2024-10-22 16:33:36.972593,AUC_000386,Fashion,85.43,107.42,97.88,High,16,1,0.0343,0.2253,0.621,0.383,0.795,1.314
2024-10-22 17:33:36.972593,AUC_000387,Fashion,46.39,58.47,55.98,Medium,17,1,0.1097,0.1165,0.541,-0.094,0.793,-1.031
2024-10-22 18:33:36.972593,AUC_000388,Electronics,79.38,136.63,124.4,High,18,1,0.1256,0.1995,0.68,0.233,0.581,2.926
2024-10-22 19:33:36.972593,AUC_000389,Fashion,47.98,51.25,44.18,Medium,19,1,0.0241,0.1296,0.307,-0.176,0.936,-0.424
2024-10-22 20:33:36.972593,AUC_000390,Electronics,41.85,61.69,58.15,Medium,20,1,0.0436,0.1344,0.597,0.043,0.678,0.187
2024-10-22 21:33:36.972593,AUC_000391,Books,96.28,102.8,81.29,Low,21,1,0.0299,0.0671,0.435,0.11,0.937,0.329
2024-10-22 22:33:36.972593,AUC_000392,Books,26.59,28.18,22.12,Medium,22,1,0.0587,0.156,0.696,0.148,0.944,0.869
2024-10-22 23:33:36.972593,AUC_000393,Electronics,18.13,25.99,25.45,High,23,1,0.073,0.0628,0.227,0.362,0.698,2.643
2024-10-23 00:33:36.972593,AUC_000394,Books,79.39,97.21,96.92,High,0,2,0.1148,0.0963,0.614,0.203,0.817,2.33
2024-10-23 01:33:36.972593,AUC_000395,Books,16.14,20.63,19.72,Medium,1,2,0.1012,0.2167,0.267,0.089,0.782,0.901
2024-10-23 02:33:36.972593,AUC_000396,Books,85.34,86.48,77.56,Low,2,2,0.0969,0.0676,0.351,0.286,0.987,2.771
2024-10-23 03:33:36.972593,AUC_000397,Home,49.35,63.46,63.0,Low,3,2,0.0593,0.0364,0.297,0.37,0.778,2.194
2024-10-23 04:33:36.972593,AUC_000398,Sports,92.4,95.61,83.12,High,4,2,0.1278,0.0359,0.265,-0.187,0.966,-2.39
2024-10-23 05:33:36.972593,AUC_000399,Fashion,74.94,87.72,83.19,Low,5,2,0.076,0.2364,0.843,0.39,0.854,2.964
2024-10-23 06:33:36.972593,AUC_000400,Home,64.94,66.82,56.03,Medium,6,2,0.1471,0.1366,0.357,-0.148,0.972,-2.177
2024-10-23 07:33:36.972593,AUC_000401,Books,95.44,97.48,87.75,Medium,7,2,0.0988,0.1142,0.934,0.289,0.979,2.855
2024-10-23 08:33:36.972593,AUC_000402,Electronics,45.7,59.03,55.15,High,8,2,0.0277,0.2065,0.973,-0.032,0.774,-0.089
2024-10-23 09:33:36.972593,AUC_000403,Books,95.87,108.38,104.54,Medium,9,2,0.1047,0.2122,0.614,-0.121,0.885,-1.267
2024-10-23 10:33:36.972593,AUC_000404,Sports,22.15,29.04,26.46,High,10,2,0.0555,0.0964,0.229,0.064,0.763,0.355
2024-10-23 11:33:36.972593,AUC_000405,Books,53.54,88.63,82.07,Medium,11,2,0.1061,0.1795,0.437,0.186,0.604,1.973
2024-10-23 12:33:36.972593,AUC_000406,Electronics,34.29,45.78,45.47,High,12,2,0.0197,0.1974,0.818,0.029,0.749,0.057
2024-10-23 13:33:36.972593,AUC_000407,Sports,58.59,69.18,67.39,Low,13,2,0.0345,0.1706,0.431,-0.167,0.847,-0.576
2024-10-23 14:33:36.972593,AUC_000408,Books,24.58,33.47,31.06,Medium,14,2,0.1298,0.0549,0.178,0.16,0.734,2.077
2024-10-23 15:33:36.972593,AUC_000409,Sports,85.74,137.15,126.47,Medium,15,2,0.0418,0.2215,0.601,0.341,0.625,1.425
2024-10-23 16:33:36.972593,AUC_000410,Fashion,86.18,108.29,101.33,High,16,2,0.1272,0.144,0.861,0.03,0.796,0.382
2024-10-23 17:33:36.972593,AUC_000411,Fashion,95.97,110.82,110.14,High,17,2,0.0491,0.085,0.816,-0.07,0.866,-0.344
2024-10-23 18:33:36.972593,AUC_000412,Books,23.92,33.06,33.03,Medium,18,2,0.1,0.1178,0.258,0.066,0.724,0.66
2024-10-23 19:33:36.972593,AUC_000413,Sports,66.1,68.59,66.4,High,19,2,0.1072,0.0286,0.705,-0.171,0.964,-1.833
2024-10-23 20:33:36.972593,AUC_000414,Electronics,52.68,78.04,72.49,Medium,20,2,0.0818,0.0494,0.298,0.292,0.675,2.389
2024-10-23 21:33:36.972593,AUC_000415,Books,40.99,44.32,39.02,Low,21,2,0.0527,0.1961,0.296,0.296,0.925,1.56
2024-10-23 22:33:36.972593,AUC_000416,Fashion,41.64,43.5,39.43,High,22,2,0.0398,0.02,0.887,0.153,0.957,0.609
2024-10-23 23:33:36.972593,AUC_000417,Fashion,47.15,58.66,54.86,Medium,23,2,0.0146,0.1158,0.325,0.012,0.804,0.018
2024-10-24 00:33:36.972593,AUC_000418,Books,73.44,97.15,95.01,Low,0,3,0.0526,0.1402,0.337,0.28,0.756,1.473
2024-10-24 01:33:36.972593,AUC_000419,Sports,63.85,76.63,72.22,Low,1,3,0.1014,0.0326,0.101,0.133,0.833,1.349
2024-10-24 02:33:36.972593,AUC_000420,Fashion,51.37,65.61,64.6,Medium,2,3,0.1414,0.2438,0.884,0.296,0.783,4.185
2024-10-24 03:33:36.972593,AUC_000421,Sports,16.83,20.92,19.79,High,3,3,0.132,0.072,0.813,0.179,0.804,2.363
2024-10-24 04:33:36.972593,AUC_000422,Fashion,17.0,17.81,15.93,Medium,4,3,0.1172,0.09,0.665,0.271,0.955,3.176
2024-10-24 05:33:36.972593,AUC_000423,Fashion,10.21,10.8,9.87,Low,5,3,0.1204,0.0899,0.775,0.159,0.945,1.914
2024-10-24 06:33:36.972593,AUC_000424,Home,97.09,127.71,120.83,Medium,6,3,0.1031,0.073,0.237,0.048,0.76,0.495
2024-10-24 07:33:36.972593,AUC_000425,Fashion,10.47,12.29,11.68,High,7,3,0.0464,0.0203,0.512,0.375,0.852,1.74
2024-10-24 08:33:36.972593,AUC_000426,Electronics,19.28,19.73,19.1,Low,8,3,0.137,0.1877,0.416,0.125,0.977,1.713
2024-10-24 09:33:36.972593,AUC_000427,Books,38.31,49.58,48.09,Medium,9,3,0.1039,0.2424,0.184,0.163,0.773,1.694
2024-10-24 10:33:36.972593,AUC_000428,Books,82.67,92.83,88.38,High,10,3,0.0885,0.0716,0.538,-0.068,0.891,-0.602
2024-10-24 11:33:36.972593,AUC_000429,Sports,96.59,114.31,111.43,Low,11,3,0.0255,0.1725,0.929,0.175,0.845,0.446
2024-10-24 12:33:36.972593,AUC_000430,Fashion,81.1,101.77,100.43,High,12,3,0.0726,0.1906,0.136,0.143,0.797,1.038
2024-10-24 13:33:36.972593,AUC_000431,Electronics,72.15,142.71,131.31,Low,13,3,0.0745,0.2151,0.362,-0.089,0.506,-0.663
2024-10-24 14:33:36.972593,AUC_000432,Sports,56.92,79.65,78.81,Medium,14,3,0.131,0.1172,0.287,-0.164,0.715,-2.148
2024-10-24 15:33:36.972593,AUC_000433,Home,17.8,27.42,25.37,High,15,3,0.0865,0.0897,0.314,0.163,0.649,1.41
2024-10-24 16:33:36.972593,AUC_000434,Sports,96.24,138.28,136.72,Low,16,3,0.0633,0.0948,0.918,0.258,0.696,1.633
2024-10-24 17:33:36.972593,AUC_000435,Sports,78.26,114.16,105.36,High,17,3,0.1468,0.1839,0.521,0.114,0.686,1.674
2024-10-24 18:33:36.972593,AUC_000436,Fashion,67.51,93.9,88.2,High,18,3,0.0255,0.2079,0.52,-0.064,0.719,-0.163
2024-10-24 19:33:36.972593,AUC_000437,Home,78.31,84.86,80.6,Medium,19,3,0.0692,0.0618,0.785,0.2,0.923,1.384
2024-10-24 20:33:36.972593,AUC_000438,Sports,75.17,79.97,61.43,High,20,3,0.0159,0.1053,0.239,-0.152,0.94,-0.242
2024-10-24 21:33:36.972593,AUC_000439,Electronics,67.35,70.9,67.95,Low,21,3,0.1136,0.2274,0.539,0.065,0.95,0.738
2024-10-24 22:33:36.972593,AUC_000440,Electronics,98.25,117.66,111.57,Low,22,3,0.1385,0.2055,0.487,-0.102,0.835,-1.413
2024-10-24 23:33:36.972593,AUC_000441,Books,91.3,97.61,79.13,Low,23,3,0.0492,0.2465,0.637,-0.089,0.935,-0.438
2024-10-25 00:33:36.972593,AUC_000442,Home,68.2,83.0,81.67,Low,0,4,0.1302,0.1935,1.0,-0.079,0.822,-1.029
2024-10-25 01:33:36.972593,AUC_000443,Home,72.39,73.44,61.69,Medium,1,4,0.0509,0.1104,0.793,0.032,0.986,0.163
2024-10-25 02:33:36.972593,AUC_000444,Books,14.64,19.09,18.13,High,2,4,0.1375,0.1558,0.458,-0.169,0.767,-2.324
2024-10-25 03:33:36.972593,AUC_000445,Sports,70.29,73.43,72.65,Medium,3,4,0.1156,0.172,0.845,0.039,0.957,0.451
2024-10-25 04:33:36.972593,AUC_000446,Home,13.97,17.08,15.71,High,4,4,0.1227,0.038,0.254,0.107,0.818,1.313
2024-10-25 05:33:36.972593,AUC_000447,Electronics,62.94,97.44,91.7,High,5,4,0.0125,0.1452,0.127,0.09,0.646,0.112
2024-10-25 06:33:36.972593,AUC_000448,Electronics,99.94,101.59,100.46,High,6,4,0.1448,0.1831,0.284,0.03,0.984,0.434
2024-10-25 07:33:36.972593,AUC_000449,Fashion,60.02,61.57,49.5,Medium,7,4,0.1117,0.0585,0.406,0.303,0.975,3.385
2024-10-25 08:33:36.972593,AUC_000450,Home,52.59,53.96,45.64,High,8,4,0.0527,0.1995,0.56,-0.113,0.975,-0.596
2024-10-25 09:33:36.972593,AUC_000451,Sports,38.16,49.74,45.45,Medium,9,4,0.1261,0.1543,0.654,0.103,0.767,1.299
2024-10-25 10:33:36.972593,AUC_000452,Books,20.85,29.96,27.65,Low,10,4,0.0494,0.239,0.92,-0.163,0.696,-0.805
2024-10-25 11:33:36.972593,AUC_000453,Books,75.79,106.24,105.06,Low,11,4,0.1322,0.0298,0.559,-0.157,0.713,-2.076
2024-10-25 12:33:36.972593,AUC_000454,Sports,27.33,39.36,38.3,High,12,4,0.0258,0.081,0.551,0.144,0.694,0.372
2024-10-25 13:33:36.972593,AUC_000455,Fashion,20.38,28.31,27.38,Medium,13,4,0.1085,0.1584,0.145,0.14,0.72,1.519
2024-10-25 14:33:36.972593,AUC_000456,Books,47.96,76.72,74.75,Low,14,4,0.0857,0.0882,0.131,0.327,0.625,2.802
2024-10-25 15:33:36.972593,AUC_000457,Home,81.58,100.54,91.98,Medium,15,4,0.0235,0.1843,0.596,0.135,0.811,0.317
2024-10-25 16:33:36.972593,AUC_000458,Fashion,77.06,82.43,75.12,Medium,16,4,0.0439,0.1946,0.494,0.376,0.935,1.651
2024-10-25 17:33:36.972593,AUC_000459,Home,14.94,22.59,20.84,High,17,4,0.0117,0.0436,0.855,-0.171,0.661,-0.2
2024-10-25 18:33:36.972593,AUC_000460,Electronics,50.96,103.67,94.46,Low,18,4,0.0756,0.1382,0.245,-0.141,0.492,-1.066
2024-10-25 19:33:36.972593,AUC_000461,Fashion,57.02,61.71,47.48,High,19,4,0.0522,0.137,0.122,-0.174,0.924,-0.908
2024-10-25 20:33:36.972593,AUC_000462,Books,68.01,81.33,76.39,High,20,4,0.0938,0.1049,0.504,-0.089,0.836,-0.835
2024-10-25 21:33:36.972593,AUC_000463,Fashion,68.52,72.98,59.21,Low,21,4,0.0516,0.2346,0.314,0.125,0.939,0.645
2024-10-25 22:33:36.972593,AUC_000464,Fashion,42.82,60.33,55.29,Low,22,4,0.052,0.2103,0.145,0.187,0.71,0.972
2024-10-25 23:33:36.972593,AUC_000465,Fashion,60.46,61.89,61.64,Medium,23,4,0.114,0.1804,0.752,-0.173,0.977,-1.972
2024-10-26 00:33:36.972593,AUC_000466,Fashion,53.3,57.7,52.3,Low,0,5,0.0167,0.1843,0.2,0.368,0.924,0.615
2024-10-26 01:33:36.972593,AUC_000467,Home,89.65,107.9,103.16,Medium,1,5,0.1364,0.1262,0.647,0.305,0.831,4.16
2024-10-26 02:33:36.972593,AUC_000468,Electronics,57.72,60.18,57.32,Medium,2,5,0.1293,0.2318,0.353,-0.022,0.959,-0.284
2024-10-26 03:33:36.972593,AUC_000469,Sports,49.69,56.18,51.4,Medium,3,5,0.1035,0.1798,0.256,-0.154,0.884,-1.594
2024-10-26 04:33:36.972593,AUC_000470,Fashion,46.4,53.61,51.99,Low,4,5,0.0931,0.1877,0.442,-0.098,0.866,-0.912
2024-10-26 05:33:36.972593,AUC_000471,Books,61.52,65.81,65.37,High,5,5,0.1349,0.2182,0.821,-0.124,0.935,-1.673
2024-10-26 06:33:36.972593,AUC_000472,Fashion,82.36,109.75,105.94,Medium,6,5,0.0359,0.083,0.453,-0.126,0.75,-0.452
2024-10-26 07:33:36.972593,AUC_000473,Books,58.46,62.89,60.74,High,7,5,0.0211,0.2056,0.776,0.111,0.93,0.234
2024-10-26 08:33:36.972593,AUC_000474,Home,69.55,84.63,79.37,High,8,5,0.0435,0.0649,0.213,-0.052,0.822,-0.226
2024-10-26 09:33:36.972593,AUC_000475,Books,76.41,108.99,106.15,Low,9,5,0.1212,0.0994,0.795,0.015,0.701,0.182
2024-10-26 10:33:36.972593,AUC_000476,Sports,56.82,66.13,65.31,High,10,5,0.0149,0.0972,0.313,0.394,0.859,0.587
2024-10-26 11:33:36.972593,AUC_000477,Electronics,48.41,78.93,78.62,High,11,5,0.0916,0.2451,0.71,0.211,0.613,1.933
2024-10-26 12:33:36.972593,AUC_000478,Books,88.9,127.42,117.22,Low,12,5,0.1494,0.217,0.609,0.369,0.698,5.513
2024-10-26 13:33:36.972593,AUC_000479,Books,47.58,74.3,71.11,Medium,13,5,0.1298,0.1813,0.936,-0.114,0.64,-1.48
2024-10-26 14:33:36.972593,AUC_000480,Electronics,51.57,77.05,76.46,High,14,5,0.083,0.1872,0.449,0.029,0.669,0.241
2024-10-26 15:33:36.972593,AUC_000481,Sports,99.13,146.15,135.06,Low,15,5,0.0189,0.1493,0.16,0.133,0.678,0.251
2024-10-26 16:33:36.972593,AUC_000482,Fashion,10.02,11.56,11.09,High,16,5,0.1264,0.2378,0.117,-0.154,0.867,-1.947
2024-10-26 17:33:36.972593,AUC_000483,Books,26.69,42.48,39.06,High,17,5,0.0939,0.1341,0.844,-0.197,0.628,-1.85
2024-10-26 18:33:36.972593,AUC_000484,Electronics,44.56,62.39,59.14,Medium,18,5,0.0261,0.1075,0.572,0.202,0.714,0.527
2024-10-26 19:33:36.972593,AUC_000485,Home,93.93,94.89,84.18,High,19,5,0.0231,0.0575,0.798,0.185,0.99,0.427
2024-10-26 20:33:36.972593,AUC_000486,Electronics,16.3,26.57,24.56,Low,20,5,0.1373,0.2008,0.311,0.046,0.613,0.632
2024-10-26 21:33:36.972593,AUC_000487,Home,10.85,12.87,12.8,High,21,5,0.1037,0.1889,0.411,0.094,0.843,0.975
2024-10-26 22:33:36.972593,AUC_000488,Sports,14.74,18.8,18.01,Medium,22,5,0.1261,0.1084,0.127,0.049,0.784,0.618
2024-10-26 23:33:36.972593,AUC_000489,Fashion,17.97,18.95,17.45,Medium,23,5,0.1331,0.0258,0.965,-0.186,0.948,-2.476
2024-10-27 00:33:36.972593,AUC_000490,Electronics,13.38,14.61,13.58,Low,0,6,0.09,0.213,0.701,0.001,0.916,0.009
2024-10-27 01:33:36.972593,AUC_000491,Books,53.18,59.11,58.03,Medium,1,6,0.0824,0.0226,0.94,-0.094,0.9,-0.775
2024-10-27 02:33:36.972593,AUC_000492,Sports,62.27,63.42,55.68,High,2,6,0.0703,0.1819,0.339,-0.141,0.982,-0.991
2024-10-27 03:33:36.972593,AUC_000493,Electronics,34.45,36.47,34.25,Medium,3,6,0.0544,0.2432,0.65,0.374,0.945,2.035
2024-10-27 04:33:36.972593,AUC_000494,Books,45.85,56.04,55.94,Low,4,6,0.0708,0.1207,0.711,0.16,0.818,1.133
2024-10-27 05:33:36.972593,AUC_000495,Electronics,18.25,19.3,18.06,Medium,5,6,0.1183,0.074,0.386,0.237,0.946,2.804
2024-10-27 06:33:36.972593,AUC_000496,Home,40.27,50.31,48.72,Medium,6,6,0.0943,0.1821,0.863,-0.011,0.8,-0.104
2024-10-27 07:33:36.972593,AUC_000497,Electronics,57.03,70.69,66.71,Medium,7,6,0.135,0.2079,0.952,0.036,0.807,0.486
2024-10-27 08:33:36.972593,AUC_000498,Electronics,75.9,85.58,85.35,Low,8,6,0.0721,0.1457,0.896,-0.058,0.887,-0.418
2024-10-27 09:33:36.972593,AUC_000499,Electronics,10.3,18.4,17.32,Medium,9,6,0.095,0.2424,0.765,-0.142,0.56,-1.349
2024-10-27 10:33:36.972593,AUC_000500,Sports,52.06,73.17,68.12,Medium,10,6,0.0984,0.0319,0.35,-0.093,0.711,-0.915
2024-10-27 11:33:36.972593,AUC_000501,Electronics,36.73,61.41,60.17,High,11,6,0.0928,0.1361,0.353,0.279,0.598,2.589
2024-10-27 12:33:36.972593,AUC_000502,Books,86.75,102.91,101.63,Low,12,6,0.1084,0.1852,0.967,0.207,0.843,2.244
2024-10-27 13:33:36.972593,AUC_000503,Home,74.4,82.44,77.22,Medium,13,6,0.0432,0.2184,0.109,0.128,0.902,0.553
2024-10-27 14:33:36.972593,AUC_000504,Home,63.02,101.91,92.96,Low,14,6,0.0817,0.0612,0.744,0.085,0.618,0.694
2024-10-27 15:33:36.972593,AUC_000505,Electronics,34.95,57.11,56.07,Medium,15,6,0.0246,0.204,0.736,0.353,0.612,0.868
2024-10-27 16:33:36.972593,AUC_000506,Sports,91.93,101.73,94.08,Medium,16,6,0.0638,0.1471,0.66,-0.156,0.904,-0.995
2024-10-27 17:33:36.972593,AUC_000507,Sports,14.06,19.52,18.38,Medium,17,6,0.0783,0.1112,0.991,-0.032,0.72,-0.251
2024-10-27 18:33:36.972593,AUC_000508,Books,19.85,30.36,28.36,High,18,6,0.1013,0.0503,0.381,0.01,0.654,0.101
2024-10-27 19:33:36.972593,AUC_000509,Electronics,45.25,66.47,66.1,High,19,6,0.1431,0.219,0.406,0.269,0.681,3.849
2024-10-27 20:33:36.972593,AUC_000510,Home,21.2,27.0,24.88,High,20,6,0.0941,0.0562,0.171,0.396,0.785,3.726
2024-10-27 21:33:36.972593,AUC_000511,Sports,96.08,102.23,90.61,Low,21,6,0.1141,0.0913,0.499,-0.056,0.94,-0.639
2024-10-27 22:33:36.972593,AUC_000512,Electronics,81.82,102.97,93.97,Low,22,6,0.0809,0.0867,0.335,0.325,0.795,2.629
2024-10-27 23:33:36.972593,AUC_000513,Sports,33.31,35.24,27.2,High,23,6,0.0988,0.2204,0.409,0.298,0.945,2.944
2024-10-28 00:33:36.972593,AUC_000514,Sports,62.97,67.45,55.62,Low,0,0,0.0199,0.1747,0.851,-0.065,0.934,-0.129
2024-10-28 01:33:36.972593,AUC_000515,Home,98.41,100.73,87.38,Medium,1,0,0.0456,0.2032,0.942,0.04,0.977,0.182
2024-10-28 02:33:36.972593,AUC_000516,Fashion,89.58,102.39,93.81,Medium,2,0,0.0607,0.0776,0.267,0.046,0.875,0.279
2024-10-28 03:33:36.972593,AUC_000517,Books,64.07,64.99,58.04,Medium,3,0,0.0761,0.1637,0.435,0.387,0.986,2.945
2024-10-28 04:33:36.972593,AUC_000518,Books,91.34,113.13,107.73,High,4,0,0.0164,0.1515,0.936,-0.091,0.807,-0.149
2024-10-28 05:33:36.972593,AUC_000519,Home,99.03,126.19,124.37,Low,5,0,0.0296,0.2116,0.156,0.279,0.785,0.826
2024-10-28 06:33:36.972593,AUC_000520,Sports,76.9,88.37,86.36,High,6,0,0.0488,0.2284,0.183,0.001,0.87,0.005
2024-10-28 07:33:36.972593,AUC_000521,Electronics,15.85,17.85,16.71,Low,7,0,0.146,0.0228,0.247,0.239,0.888,3.489
2024-10-28 08:33:36.972593,AUC_000522,Sports,46.14,54.43,50.61,Medium,8,0,0.0564,0.175,0.636,0.052,0.848,0.293
2024-10-28 09:33:36.972593,AUC_000523,Home,85.4,102.22,97.84,High,9,0,0.0775,0.0319,0.235,0.147,0.835,1.139
2024-10-28 10:33:36.972593,AUC_000524,Books,30.75,40.64,37.0,Low,10,0,0.0375,0.1462,0.971,0.3,0.757,1.125
2024-10-28 11:33:36.972593,AUC_000525,Sports,84.76,99.07,96.23,Low,11,0,0.0955,0.0862,0.502,0.282,0.856,2.693
2024-10-28 12:33:36.972593,AUC_000526,Books,20.83,25.81,24.43,Medium,12,0,0.0493,0.0906,0.551,0.32,0.807,1.578
2024-10-28 13:33:36.972593,AUC_000527,Electronics,14.23,20.72,18.98,High,13,0,0.039,0.1012,0.322,-0.164,0.687,-0.64
2024-10-28 14:33:36.972593,AUC_000528,Books,44.57,54.36,49.89,High,14,0,0.0823,0.1629,0.524,0.215,0.82,1.769
2024-10-28 15:33:36.972593,AUC_000529,Books,13.31,14.5,13.6,High,15,0,0.0108,0.0968,0.696,-0.116,0.918,-0.125
2024-10-28 16:33:36.972593,AUC_000530,Fashion,96.15,147.07,144.63,Medium,16,0,0.0111,0.1885,0.776,0.049,0.654,0.054
2024-10-28 17:33:36.972593,AUC_000531,Fashion,84.36,135.89,130.0,High,17,0,0.0407,0.113,0.778,0.129,0.621,0.525
2024-10-28 18:33:36.972593,AUC_000532,Fashion,82.07,133.84,125.36,Medium,18,0,0.0151,0.0357,0.62,0.042,0.613,0.063
2024-10-28 19:33:36.972593,AUC_000533,Books,66.68,67.94,63.4,Medium,19,0,0.0251,0.2003,0.914,0.112,0.981,0.281
2024-10-28 20:33:36.972593,AUC_000534,Home,29.47,29.74,28.05,Medium,20,0,0.0574,0.0857,0.836,0.398,0.991,2.285
2024-10-28 21:33:36.972593,AUC_000535,Books,56.64,57.23,49.39,Low,21,0,0.1224,0.1195,0.781,-0.119,0.99,-1.457
2024-10-28 22:33:36.972593,AUC_000536,Home,63.75,69.61,64.48,High,22,0,0.0901,0.1777,0.15,0.205,0.916,1.847
2024-10-28 23:33:36.972593,AUC_000537,Home,57.25,58.0,49.85,High,23,0,0.0818,0.0965,0.106,0.038,0.987,0.311
2024-10-29 00:33:36.972593,AUC_000538,Fashion,33.42,38.23,37.49,Medium,0,1,0.0511,0.033,0.291,-0.12,0.874,-0.613
2024-10-29 01:33:36.972593,AUC_000539,Sports,56.37,57.31,47.85,Medium,1,1,0.1404,0.106,0.697,-0.105,0.984,-1.474
2024-10-29 02:33:36.972593,AUC_000540,Electronics,54.21,88.83,82.09,High,2,1,0.0656,0.2372,0.47,0.37,0.61,2.427
2024-10-29 03:33:36.972593,AUC_000541,Fashion,99.67,106.21,97.38,Medium,3,1,0.0222,0.1676,0.462,0.328,0.938,0.728
2024-10-29 04:33:36.972593,AUC_000542,Fashion,90.77,103.57,97.0,High,4,1,0.0964,0.1744,0.896,0.344,0.876,3.316
2024-10-29 05:33:36.972593,AUC_000543,Sports,51.7,62.72,59.01,Low,5,1,0.0259,0.1654,0.906,0.395,0.824,1.023
2024-10-29 06:33:36.972593,AUC_000544,Electronics,66.06,74.25,73.96,Medium,6,1,0.0583,0.0658,0.918,-0.075,0.89,-0.437
2024-10-29 07:33:36.972593,AUC_000545,Books,77.31,86.54,79.46,High,7,1,0.081,0.1162,0.382,0.013,0.893,0.105
2024-10-29 08:33:36.972593,AUC_000546,Books,13.14,15.44,14.25,Medium,8,1,0.1324,0.1927,0.722,0.202,0.851,2.674
2024-10-29 09:33:36.972593,AUC_000547,Fashion,90.54,143.09,140.79,High,9,1,0.0791,0.0433,0.344,0.09,0.633,0.712
2024-10-29 10:33:36.972593,AUC_000548,Electronics,87.41,153.96,144.23,High,10,1,0.1083,0.0839,0.272,0.051,0.568,0.552
2024-10-29 11:33:36.972593,AUC_000549,Fashion,51.17,87.02,79.21,Medium,11,1,0.149,0.0836,0.266,0.015,0.588,0.224
2024-10-29 12:33:36.972593,AUC_000550,Home,45.21,63.54,62.03,Low,12,1,0.0284,0.1194,0.408,0.156,0.712,0.443
2024-10-29 13:33:36.972593,AUC_000551,Fashion,34.57,50.28,49.75,High,13,1,0.0485,0.2455,0.487,0.145,0.688,0.703
2024-10-29 14:33:36.972593,AUC_000552,Fashion,52.9,82.44,75.56,High,14,1,0.0652,0.0355,0.848,-0.103,0.642,-0.672
2024-10-29 15:33:36.972593,AUC_000553,Books,13.99,17.69,16.64,High,15,1,0.0691,0.1393,0.208,0.083,0.791,0.574
2024-10-29 16:33:36.972593,AUC_000554,Books,86.7,110.23,105.61,Low,16,1,0.0675,0.0613,0.761,0.132,0.787,0.891
2024-10-29 17:33:36.972593,AUC_000555,Books,13.19,16.27,15.12,Low,17,1,0.1371,0.2433,0.578,0.142,0.811,1.947
2024-10-29 18:33:36.972593,AUC_000556,Home,39.61,65.95,60.27,Medium,18,1,0.11,0.0461,0.359,-0.074,0.601,-0.814
2024-10-29 19:33:36.972593,AUC_000557,Books,93.84,102.05,83.27,Low,19,1,0.0951,0.1128,0.544,0.245,0.92,2.33
2024-10-29 20:33:36.972593,AUC_000558,Electronics,76.17,109.53,106.83,Medium,20,1,0.0533,0.1897,0.37,-0.185,0.695,-0.986
2024-10-29 21:33:36.972593,AUC_000559,Sports,35.33,36.28,29.45,Medium,21,1,0.1253,0.182,0.636,0.013,0.974,0.163
2024-10-29 22:33:36.972593,AUC_000560,Electronics,32.74,52.47,49.35,Low,22,1,0.1437,0.1172,0.49,0.268,0.624,3.851
2024-10-29 23:33:36.972593,AUC_000561,Electronics,10.46,14.94,14.57,Medium,23,1,0.125,0.0997,0.248,0.138,0.7,1.725
2024-10-30 00:33:36.972593,AUC_000562,Books,72.61,84.44,84.21,Low,0,2,0.0102,0.1115,0.205,-0.043,0.86,-0.044
2024-10-30 01:33:36.972593,AUC_000563,Sports,14.39,15.29,14.21,Medium,1,2,0.0991,0.0808,0.592,0.217,0.941,2.15
2024-10-30 02:33:36.972593,AUC_000564,Sports,57.93,62.7,50.58,Low,2,2,0.0172,0.0672,0.912,0.14,0.924,0.241
2024-10-30 03:33:36.972593,AUC_000565,Sports,96.59,102.89,88.62,Low,3,2,0.0461,0.1311,0.41,0.278,0.939,1.282
2024-10-30 04:33:36.972593,AUC_000566,Home,19.85,21.09,19.9,Medium,4,2,0.0183,0.0818,0.76,0.241,0.941,0.441
2024-10-30 05:33:36.972593,AUC_000567,Books,90.5,90.65,77.26,High,5,2,0.0945,0.0861,0.693,0.166,0.998,1.569
2024-10-30 06:33:36.972593,AUC_000568,Sports,99.23,127.87,124.51,Medium,6,2,0.1061,0.1711,0.938,0.093,0.776,0.987
2024-10-30 07:33:36.972593,AUC_000569,Home,15.54,20.68,18.8,Low,7,2,0.026,0.2428,0.839,-0.12,0.751,-0.312
2024-10-30 08:33:36.972593,AUC_000570,Fashion,89.46,91.83,81.03,High,8,2,0.0637,0.1588,0.61,-0.043,0.974,-0.274
2024-10-30 09:33:36.972593,AUC_000571,Fashion,56.45,84.04,76.64,Medium,9,2,0.0739,0.0377,0.691,0.051,0.672,0.377
2024-10-30 10:33:36.972593,AUC_000572,Home,91.59,145.21,138.25,Medium,10,2,0.0617,0.0374,0.909,0.16,0.631,0.987
2024-10-30 11:33:36.972593,AUC_000573,Home,61.42,89.46,88.26,Medium,11,2,0.0269,0.2388,0.46,0.108,0.687,0.291
2024-10-30 12:33:36.972593,AUC_000574,Books,69.59,118.0,107.62,High,12,2,0.0687,0.0884,0.394,-0.027,0.59,-0.185
2024-10-30 13:33:36.972593,AUC_000575,Books,58.94,64.24,62.37,Low,13,2,0.1152,0.0412,0.11,-0.196,0.917,-2.258
2024-10-30 14:33:36.972593,AUC_000576,Fashion,87.8,92.0,89.56,Medium,14,2,0.0199,0.1578,0.844,0.098,0.954,0.195
2024-10-30 15:33:36.972593,AUC_000577,Sports,76.05,114.41,110.24,Medium,15,2,0.0212,0.1634,0.821,-0.029,0.665,-0.061
2024-10-30 16:33:36.972593,AUC_000578,Fashion,56.91,59.63,57.65,Medium,16,2,0.0597,0.1692,0.194,0.241,0.954,1.439
2024-10-30 17:33:36.972593,AUC_000579,Sports,88.13,145.09,136.5,Medium,17,2,0.1418,0.0815,0.619,-0.186,0.607,-2.637
2024-10-30 18:33:36.972593,AUC_000580,Sports,32.08,39.45,38.81,Medium,18,2,0.1036,0.0235,0.518,0.151,0.813,1.564
2024-10-30 19:33:36.972593,AUC_000581,Books,24.16,33.81,31.24,Low,19,2,0.105,0.242,0.207,0.365,0.715,3.832
2024-10-30 20:33:36.972593,AUC_000582,Electronics,24.44,27.78,27.59,Low,20,2,0.0607,0.0777,0.983,-0.095,0.88,-0.577
2024-10-30 21:33:36.972593,AUC_000583,Electronics,40.06,40.54,39.82,Medium,21,2,0.0931,0.1755,0.293,0.083,0.988,0.773
2024-10-30 22:33:36.972593,AUC_000584,Home,31.48,37.51,34.33,High,22,2,0.0114,0.1825,0.161,-0.145,0.839,-0.165
2024-10-30 23:33:36.972593,AUC_000585,Books,93.71,106.52,98.24,Low,23,2,0.0991,0.1603,0.635,0.175,0.88,1.734
2024-10-31 00:33:36.972593,AUC_000586,Sports,19.53,21.39,19.98,High,0,3,0.1379,0.092,0.765,0.13,0.913,1.793
2024-10-31 01:33:36.972593,AUC_000587,Electronics,72.91,103.78,102.01,Low,1,3,0.0958,0.0824,0.129,0.044,0.703,0.422
2024-10-31 02:33:36.972593,AUC_000588,Sports,27.03,28.75,26.51,Medium,2,3,0.1323,0.1575,0.693,0.113,0.94,1.495
2024-10-31 03:33:36.972593,AUC_000589,Electronics,89.35,92.8,89.57,Low,3,3,0.1114,0.2192,0.579,0.338,0.963,3.765
2024-10-31 04:33:36.972593,AUC_000590,Electronics,96.52,135.95,123.63,Medium,4,3,0.0269,0.2377,0.193,-0.082,0.71,-0.221
2024-10-31 05:33:36.972593,AUC_000591,Electronics,51.89,69.86,64.59,Low,5,3,0.1363,0.0444,0.255,-0.186,0.743,-2.535
2024-10-31 06:33:36.972593,AUC_000592,Books,89.12,97.76,90.55,Medium,6,3,0.0193,0.0556,0.611,0.317,0.912,0.612
2024-10-31 07:33:36.972593,AUC_000593,Fashion,10.46,12.5,11.48,Medium,7,3,0.0848,0.2373,0.367,0.146,0.837,1.238
2024-10-31 08:33:36.972593,AUC_000594,Sports,83.8,89.35,84.26,Medium,8,3,0.0299,0.1894,0.944,0.334,0.938,0.999
2024-10-31 09:33:36.972593,AUC_000595,Books,30.58,42.62,40.92,Medium,9,3,0.0116,0.2231,0.837,0.158,0.718,0.183
2024-10-31 10:33:36.972593,AUC_000596,Books,91.78,96.95,96.06,High,10,3,0.0691,0.0666,0.985,0.286,0.947,1.976
2024-10-31 11:33:36.972593,AUC_000597,Books,10.1,10.98,9.8,Medium,11,3,0.0513,0.1551,0.334,0.058,0.92,0.298
2024-10-31 12:33:36.972593,AUC_000598,Books,60.06,67.58,66.18,High,12,3,0.078,0.1813,0.973,0.25,0.889,1.95
2024-10-31 13:33:36.972593,AUC_000599,Books,78.1,112.97,109.47,High,13,3,0.0908,0.1764,0.488,0.348,0.691,3.16
2024-10-31 14:33:36.972593,AUC_000600,Home,33.28,42.74,42.05,Medium,14,3,0.0161,0.1139,0.413,0.143,0.779,0.23
2024-10-31 15:33:36.972593,AUC_000601,Sports,27.38,45.63,42.05,High,15,3,0.0272,0.0235,0.145,-0.092,0.6,-0.25
2024-10-31 16:33:36.972593,AUC_000602,Books,17.57,27.03,25.97,Low,16,3,0.0882,0.1541,0.147,-0.039,0.65,-0.344
2024-10-31 17:33:36.972593,AUC_000603,Sports,39.38,56.62,55.82,Medium,17,3,0.058,0.0782,0.723,-0.081,0.696,-0.47
2024-10-31 18:33:36.972593,AUC_000604,Home,60.39,60.51,58.29,High,18,3,0.1121,0.1236,0.512,-0.052,0.998,-0.583
2024-10-31 19:33:36.972593,AUC_000605,Home,20.43,23.35,22.34,Medium,19,3,0.1013,0.2402,0.304,-0.016,0.875,-0.162
2024-10-31 20:33:36.972593,AUC_000606,Sports,43.9,46.53,46.49,Medium,20,3,0.1284,0.1118,0.653,0.133,0.943,1.708
2024-10-31 21:33:36.972593,AUC_000607,Electronics,10.82,14.07,13.13,Medium,21,3,0.1069,0.2132,0.328,0.153,0.769,1.636
2024-10-31 22:33:36.972593,AUC_000608,Fashion,83.68,91.72,85.47,High,22,3,0.0702,0.0634,0.62,0.056,0.912,0.393
2024-10-31 23:33:36.972593,AUC_000609,Electronics,21.56,25.64,23.71,Low,23,3,0.1042,0.1747,0.423,0.169,0.841,1.761
2024-11-01 00:33:36.972593,AUC_000610,Electronics,35.5,47.6,46.61,Low,0,4,0.0486,0.2447,0.841,-0.151,0.746,-0.734
2024-11-01 01:33:36.972593,AUC_000611,Electronics,11.66,13.66,12.85,High,1,4,0.0529,0.0434,0.839,-0.147,0.854,-0.778
2024-11-01 02:33:36.972593,AUC_000612,Books,48.9,61.88,59.41,Medium,2,4,0.1205,0.0219,0.53,-0.097,0.79,-1.169
2024-11-01 03:33:36.972593,AUC_000613,Home,85.61,93.03,79.54,High,3,4,0.0725,0.1197,0.416,0.111,0.92,0.805
2024-11-01 04:33:36.972593,AUC_000614,Electronics,45.29,64.43,61.67,High,4,4,0.1218,0.0413,0.426,-0.072,0.703,-0.877
2024-11-01 05:33:36.972593,AUC_000615,Home,26.15,27.86,27.3,High,5,4,0.1251,0.1921,0.825,-0.03,0.939,-0.375
2024-11-01 06:33:36.972593,AUC_000616,Sports,77.83,89.76,86.66,Medium,6,4,0.1301,0.2303,0.395,0.04,0.867,0.52
2024-11-01 07:33:36.972593,AUC_000617,Fashion,80.99,110.16,105.11,High,7,4,0.1383,0.1198,0.288,0.287,0.735,3.969
2024-11-01 08:33:36.972593,AUC_000618,Sports,25.64,28.25,26.74,Medium,8,4,0.0703,0.0795,0.176,-0.192,0.908,-1.35
2024-11-01 09:33:36.972593,AUC_000619,Sports,79.38,129.47,119.87,High,9,4,0.0546,0.1199,0.52,0.19,0.613,1.037
2024-11-01 10:33:36.972593,AUC_000620,Books,95.26,125.66,117.23,Low,10,4,0.0915,0.1864,0.534,0.201,0.758,1.839
2024-11-01 11:33:36.972593,AUC_000621,Fashion,24.97,34.37,32.75,High,11,4,0.062,0.0221,0.857,0.279,0.727,1.73
2024-11-01 12:33:36.972593,AUC_000622,Sports,79.39,89.34,85.38,High,12,4,0.0942,0.1556,0.299,0.36,0.889,3.391
2024-11-01 13:33:36.972593,AUC_000623,Sports,73.77,89.17,81.7,Low,13,4,0.1088,0.1611,0.443,-0.188,0.827,-2.045
2024-11-01 14:33:36.972593,AUC_000624,Fashion,52.62,66.92,61.1,Medium,14,4,0.1064,0.1667,0.828,-0.108,0.786,-1.149
2024-11-01 15:33:36.972593,AUC_000625,Fashion,15.21,20.7,19.47,Medium,15,4,0.0624,0.0757,0.841,0.332,0.735,2.072
2024-11-01 16:33:36.972593,AUC_000626,Sports,16.72,21.78,21.5,High,16,4,0.0334,0.1842,0.446,0.075,0.768,0.25
2024-11-01 17:33:36.972593,AUC_000627,Fashion,86.72,103.83,102.81,Low,17,4,0.0703,0.041,0.513,0.139,0.835,0.977
2024-11-01 18:33:36.972593,AUC_000628,Sports,99.11,138.1,132.19,Medium,18,4,0.03,0.0658,0.373,0.198,0.718,0.594
2024-11-01 19:33:36.972593,AUC_000629,Sports,70.84,86.09,84.23,High,19,4,0.1346,0.2218,0.939,0.207,0.823,2.786
2024-11-01 20:33:36.972593,AUC_000630,Books,50.14,52.18,44.24,Low,20,4,0.0584,0.1899,0.207,0.359,0.961,2.097
2024-11-01 21:33:36.972593,AUC_000631,Electronics,68.28,110.86,103.51,Medium,21,4,0.0316,0.0232,0.94,0.398,0.616,1.258
2024-11-01 22:33:36.972593,AUC_000632,Sports,63.5,67.42,64.1,Medium,22,4,0.0136,0.0771,0.715,0.232,0.942,0.316
2024-11-01 23:33:36.972593,AUC_000633,Home,44.53,48.91,37.5,Low,23,4,0.1004,0.0693,0.578,-0.028,0.91,-0.281
2024-11-02 00:33:36.972593,AUC_000634,Electronics,15.91,22.25,21.64,Low,0,5,0.0992,0.0823,0.129,0.328,0.715,3.254
2024-11-02 01:33:36.972593,AUC_000635,Electronics,83.94,111.29,110.09,Low,1,5,0.0577,0.0769,0.528,-0.17,0.754,-0.981
2024-11-02 02:33:36.972593,AUC_000636,Electronics,43.47,68.09,66.92,Low,2,5,0.02,0.0344,0.467,-0.061,0.638,-0.122
2024-11-02 03:33:36.972593,AUC_000637,Books,83.69,96.38,94.07,High,3,5,0.0673,0.1256,0.245,0.338,0.868,2.275
2024-11-02 04:33:36.972593,AUC_000638,Sports,32.73,40.87,37.93,Low,4,5,0.0536,0.1885,0.691,-0.046,0.801,-0.247
2024-11-02 05:33:36.972593,AUC_000639,Books,10.09,12.17,11.47,Medium,5,5,0.1048,0.1595,0.974,-0.068,0.829,-0.713
2024-11-02 06:33:36.972593,AUC_000640,Sports,24.3,30.52,30.28,Medium,6,5,0.0948,0.1748,0.606,-0.117,0.796,-1.109
2024-11-02 07:33:36.972593,AUC_000641,Books,52.17,53.47,50.37,High,7,5,0.061,0.0387,0.743,0.315,0.976,1.922
2024-11-02 08:33:36.972593,AUC_000642,Books,94.99,127.7,122.92,Medium,8,5,0.0405,0.2388,0.162,0.1,0.744,0.405
2024-11-02 09:33:36.972593,AUC_000643,Home,19.2,28.71,26.87,Medium,9,5,0.1483,0.2129,0.476,0.205,0.669,3.04
2024-11-02 10:33:36.972593,AUC_000644,Books,86.88,96.72,94.46,Low,10,5,0.0736,0.2052,0.205,-0.057,0.898,-0.42
2024-11-02 11:33:36.972593,AUC_000645,Fashion,57.43,67.49,64.83,Medium,11,5,0.1064,0.2093,0.652,0.255,0.851,2.713
2024-11-02 12:33:36.972593,AUC_000646,Home,84.33,93.0,92.81,High,12,5,0.0297,0.2345,0.945,0.256,0.907,0.76
2024-11-02 13:33:36.972593,AUC_000647,Books,36.85,60.11,54.82,Low,13,5,0.078,0.1452,0.696,-0.012,0.613,-0.094
2024-11-02 14:33:36.972593,AUC_000648,Electronics,85.6,123.71,119.66,Low,14,5,0.0139,0.0661,0.169,0.046,0.692,0.064
2024-11-02 15:33:36.972593,AUC_000649,Fashion,79.55,84.96,76.71,High,15,5,0.0808,0.1619,0.419,-0.074,0.936,-0.598
2024-11-02 16:33:36.972593,AUC_000650,Fashion,30.7,45.33,44.68,Low,16,5,0.145,0.1909,0.596,0.386,0.677,5.597
2024-11-02 17:33:36.972593,AUC_000651,Fashion,21.82,24.86,23.04,Low,17,5,0.0638,0.1897,0.463,0.187,0.878,1.193
2024-11-02 18:33:36.972593,AUC_000652,Home,88.12,117.71,117.18,High,18,5,0.0155,0.1399,0.85,0.361,0.749,0.56
2024-11-02 19:33:36.972593,AUC_000653,Books,96.69,110.77,107.45,Low,19,5,0.0143,0.0357,0.833,-0.018,0.873,-0.026
2024-11-02 20:33:36.972593,AUC_000654,Books,12.82,13.81,12.62,High,20,5,0.0643,0.1054,0.651,0.269,0.928,1.73
2024-11-02 21:33:36.972593,AUC_000655,Electronics,75.81,114.05,109.66,High,21,5,0.0324,0.2318,0.436,0.26,0.665,0.842
2024-11-02 22:33:36.972593,AUC_000656,Electronics,91.86,146.1,140.39,Medium,22,5,0.0133,0.1544,0.33,0.215,0.629,0.286
2024-11-02 23:33:36.972593,AUC_000657,Fashion,87.16,108.37,103.36,Medium,23,5,0.1159,0.1438,0.195,0.379,0.804,4.393
2024-11-03 00:33:36.972593,AUC_000658,Electronics,96.81,158.24,145.07,Low,0,6,0.0742,0.0818,0.419,0.036,0.612,0.267
2024-11-03 01:33:36.972593,AUC_000659,Home,78.41,85.75,66.16,Low,1,6,0.0505,0.1047,0.472,-0.122,0.914,-0.616
2024-11-03 02:33:36.972593,AUC_000660,Books,49.81,65.19,60.41,High,2,6,0.136,0.2259,0.708,0.203,0.764,2.761
2024-11-03 03:33:36.972593,AUC_000661,Fashion,38.08,41.15,34.29,Low,3,6,0.0263,0.1733,0.692,0.238,0.925,0.626
2024-11-03 04:33:36.972593,AUC_000662,Electronics,38.87,58.79,57.14,High,4,6,0.1438,0.2011,0.163,0.145,0.661,2.085
2024-11-03 05:33:36.972593,AUC_000663,Home,75.2,96.44,95.96,High,5,6,0.054,0.1245,0.456,-0.076,0.78,-0.41
2024-11-03 06:33:36.972593,AUC_000664,Home,77.13,81.28,67.49,Low,6,6,0.1344,0.165,0.264,0.103,0.949,1.384
2024-11-03 07:33:36.972593,AUC_000665,Electronics,28.03,38.95,36.59,High,7,6,0.0944,0.0771,0.241,-0.013,0.72,-0.123
2024-11-03 08:33:36.972593,AUC_000666,Books,88.13,96.59,71.25,Medium,8,6,0.1257,0.1823,0.845,0.056,0.912,0.704
2024-11-03 09:33:36.972593,AUC_000667,Electronics,74.34,89.29,88.03,Low,9,6,0.1478,0.1183,0.138,0.187,0.833,2.764
2024-11-03 10:33:36.972593,AUC_000668,Fashion,60.65,64.09,58.73,Medium,10,6,0.0504,0.1218,0.477,0.247,0.946,1.245
2024-11-03 11:33:36.972593,AUC_000669,Electronics,52.44,101.98,95.61,Low,11,6,0.1446,0.1693,0.251,-0.061,0.514,-0.882
2024-11-03 12:33:36.972593,AUC_000670,Home,58.89,85.72,85.6,High,12,6,0.0645,0.2353,0.891,0.043,0.687,0.277
2024-11-03 13:33:36.972593,AUC_000671,Electronics,24.33,39.25,37.52,Low,13,6,0.064,0.0347,0.601,-0.039,0.62,-0.25
2024-11-03 14:33:36.972593,AUC_000672,Books,28.33,35.94,35.68,Medium,14,6,0.0577,0.2097,0.308,-0.081,0.788,-0.467
2024-11-03 15:33:36.972593,AUC_000673,Sports,18.2,26.2,24.95,High,15,6,0.0858,0.0872,0.552,0.27,0.695,2.317
2024-11-03 16:33:36.972593,AUC_000674,Electronics,23.83,42.55,40.58,Low,16,6,0.0316,0.1221,0.758,0.346,0.56,1.093
2024-11-03 17:33:36.972593,AUC_000675,Books,50.83,56.81,53.35,Low,17,6,0.0875,0.025,0.962,0.022,0.895,0.192
2024-11-03 18:33:36.972593,AUC_000676,Books,57.73,66.75,61.39,Low,18,6,0.0858,0.0892,0.298,0.251,0.865,2.154
2024-11-03 19:33:36.972593,AUC_000677,Home,11.61,13.05,12.85,Medium,19,6,0.1167,0.1356,0.898,0.338,0.89,3.944
2024-11-03 20:33:36.972593,AUC_000678,Books,81.71,110.11,104.68,Medium,20,6,0.1267,0.0329,0.941,0.308,0.742,3.902
2024-11-03 21:33:36.972593,AUC_000679,Books,36.48,38.77,30.51,Low,21,6,0.0717,0.133,0.925,-0.09,0.941,-0.645
2024-11-03 22:33:36.972593,AUC_000680,Books,92.07,99.47,85.31,High,22,6,0.0523,0.2332,0.672,0.374,0.926,1.956
2024-11-03 23:33:36.972593,AUC_000681,Books,97.08,128.85,117.36,High,23,6,0.0463,0.0442,0.667,0.026,0.753,0.12
2024-11-04 00:33:36.972593,AUC_000682,Fashion,26.69,29.33,28.05,Medium,0,0,0.0372,0.1958,0.463,0.004,0.91,0.015
2024-11-04 01:33:36.972593,AUC_000683,Fashion,51.59,61.51,60.71,High,1,0,0.0181,0.1142,0.777,-0.163,0.839,-0.295
2024-11-04 02:33:36.972593,AUC_000684,Home,10.11,11.45,10.85,Medium,2,0,0.0579,0.1707,0.578,0.092,0.883,0.533
2024-11-04 03:33:36.972593,AUC_000685,Electronics,63.85,67.43,64.72,Low,3,0,0.0478,0.0799,0.71,-0.135,0.947,-0.645
2024-11-04 04:33:36.972593,AUC_000686,Books,64.66,86.11,79.31,Medium,4,0,0.1453,0.0567,0.486,-0.051,0.751,-0.741
2024-11-04 05:33:36.972593,AUC_000687,Electronics,32.28,33.21,32.91,Medium,5,0,0.0881,0.0569,0.758,-0.01,0.972,-0.088
2024-11-04 06:33:36.972593,AUC_000688,Electronics,60.26,73.24,67.35,Low,6,0,0.0586,0.0362,0.842,0.285,0.823,1.67
2024-11-04 07:33:36.972593,AUC_000689,Home,30.3,32.48,26.19,High,7,0,0.0913,0.0627,0.232,0.325,0.933,2.967
2024-11-04 08:33:36.972593,AUC_000690,Books,24.47,25.99,20.81,Medium,8,0,0.0295,0.1728,0.85,-0.019,0.942,-0.056
2024-11-04 09:33:36.972593,AUC_000691,Books,68.64,86.91,80.56,Medium,9,0,0.0722,0.2228,0.586,0.315,0.79,2.274
2024-11-04 10:33:36.972593,AUC_000692,Sports,39.33,46.04,43.27,Low,10,0,0.0977,0.2072,0.86,0.314,0.854,3.068
2024-11-04 11:33:36.972593,AUC_000693,Electronics,63.12,89.38,83.43,High,11,0,0.0784,0.1776,0.488,0.259,0.706,2.031
2024-11-04 12:33:36.972593,AUC_000694,Electronics,48.99,88.36,87.25,Medium,12,0,0.0662,0.0454,0.441,-0.112,0.554,-0.741
2024-11-04 13:33:36.972593,AUC_000695,Fashion,98.59,154.57,145.91,Low,13,0,0.1491,0.0865,0.924,0.214,0.638,3.191
2024-11-04 14:33:36.972593,AUC_000696,Sports,23.46,25.35,24.31,Medium,14,0,0.1332,0.0913,0.326,0.367,0.925,4.888
2024-11-04 15:33:36.972593,AUC_000697,Fashion,51.81,58.57,54.74,Low,15,0,0.0973,0.0775,0.86,0.21,0.885,2.043
2024-11-04 16:33:36.972593,AUC_000698,Fashion,71.24,101.89,100.83,High,16,0,0.0897,0.1385,0.536,-0.001,0.699,-0.009
2024-11-04 17:33:36.972593,AUC_000699,Fashion,45.6,62.32,57.62,High,17,0,0.0969,0.1432,0.563,0.1,0.732,0.969
2024-11-04 18:33:36.972593,AUC_000700,Home,97.72,156.34,148.7,High,18,0,0.0382,0.1021,0.378,0.187,0.625,0.714
2024-11-04 19:33:36.972593,AUC_000701,Home,74.97,100.72,95.6,High,19,0,0.0653,0.1014,0.616,0.106,0.744,0.692
2024-11-04 20:33:36.972593,AUC_000702,Fashion,69.13,74.99,68.93,Medium,20,0,0.0155,0.2106,0.393,-0.128,0.922,-0.198
2024-11-04 21:33:36.972593,AUC_000703,Sports,78.14,85.63,81.77,Medium,21,0,0.0766,0.2015,0.135,-0.013,0.913,-0.1
2024-11-04 22:33:36.972593,AUC_000704,Electronics,95.74,130.24,120.08,High,22,0,0.086,0.0908,0.345,0.281,0.735,2.417
2024-11-04 23:33:36.972593,AUC_000705,Sports,91.7,116.0,111.5,High,23,0,0.0419,0.2302,0.106,0.317,0.791,1.328
2024-11-05 00:33:36.972593,AUC_000706,Books,75.19,78.89,72.68,High,0,1,0.145,0.2391,0.981,-0.118,0.953,-1.711
2024-11-05 01:33:36.972593,AUC_000707,Home,77.42,86.11,84.11,Medium,1,1,0.1373,0.0952,0.969,0.371,0.899,5.094
2024-11-05 02:33:36.972593,AUC_000708,Electronics,23.13,34.84,33.22,High,2,1,0.1111,0.1015,0.456,-0.003,0.664,-0.033
2024-11-05 03:33:36.972593,AUC_000709,Electronics,19.25,22.58,22.34,High,3,1,0.0847,0.1363,0.756,0.197,0.853,1.669
2024-11-05 04:33:36.972593,AUC_000710,Books,61.38,67.21,56.43,High,4,1,0.1318,0.2365,0.411,0.251,0.913,3.308
2024-11-05 05:33:36.972593,AUC_000711,Books,11.65,11.85,11.1,Low,5,1,0.0283,0.2216,0.704,0.287,0.983,0.812
2024-11-05 06:33:36.972593,AUC_000712,Fashion,53.41,56.72,55.03,High,6,1,0.1207,0.0436,0.825,0.367,0.942,4.43
2024-11-05 07:33:36.972593,AUC_000713,Home,28.93,29.86,23.65,Low,7,1,0.0275,0.1103,0.952,-0.012,0.969,-0.033
2024-11-05 08:33:36.972593,AUC_000714,Home,41.14,46.54,44.1,Low,8,1,0.1212,0.1473,0.46,0.315,0.884,3.818
2024-11-05 09:33:36.972593,AUC_000715,Sports,79.82,97.89,93.7,High,9,1,0.0486,0.1357,0.805,-0.121,0.815,-0.588
2024-11-05 10:33:36.972593,AUC_000716,Fashion,94.71,151.29,145.79,Low,10,1,0.1328,0.0646,0.339,0.223,0.626,2.961
2024-11-05 11:33:36.972593,AUC_000717,Fashion,16.52,18.87,18.42,High,11,1,0.1422,0.2175,0.991,0.245,0.875,3.484
2024-11-05 12:33:36.972593,AUC_000718,Fashion,58.08,77.16,71.71,Medium,12,1,0.0308,0.1757,0.123,0.207,0.753,0.638
2024-11-05 13:33:36.972593,AUC_000719,Fashion,89.43,103.78,96.91,Medium,13,1,0.0748,0.2127,0.643,-0.049,0.862,-0.367
2024-11-05 14:33:36.972593,AUC_000720,Home,17.43,18.16,16.95,Medium,14,1,0.1473,0.2175,0.694,0.324,0.96,4.773
